"IDbait","IDoe"
"1_943677","1_903641"
"1_943677","1_1206874"
"1_943677","1_1239426"
"1_943677","1_1309969"
"1_943677","1_1364314"
"1_1049052","1_848169"
"1_1049052","1_850619"
"1_1049052","1_889424"
"1_1049052","1_903641"
"1_1049052","1_1096739"
"1_1049052","1_1107116"
"1_1049052","1_1109733"
"1_1049052","1_1206874"
"1_1049052","1_1239426"
"1_1049052","1_1283837"
"1_1049052","1_1309969"
"1_1049052","1_1364314"
"1_1049052","1_1545983"
"1_1049052","1_1648711"
"1_25273787","1_25531683"
"1_32410371","1_32226064"
"1_32410371","1_32246460"
"1_117542531","1_117109278"
"1_117542531","1_117292351"
"1_153743839","1_153303649"
"1_153743839","1_153315280"
"1_153743839","1_153329475"
"1_153743839","1_153342367"
"1_153743839","1_153585136"
"1_153743839","1_153599452"
"1_153743839","1_153621935"
"1_153743839","1_153636395"
"1_153743839","1_153649059"
"1_153743839","1_153721604"
"1_153743839","1_153725019"
"1_153743839","1_153893802"
"1_153743839","1_153917401"
"1_153743839","1_153923538"
"1_153743839","1_153936971"
"1_153743839","1_153941440"
"1_153743839","1_153956792"
"1_153743839","1_154163713"
"1_153743839","1_154171924"
"1_153743839","1_154221516"
"1_153743839","1_154232124"
"1_160492674","1_160305096"
"1_160492674","1_160368453"
"1_160492674","1_160643025"
"1_160492674","1_160680987"
"1_167485364","1_166840743"
"1_167485364","1_166943297"
"1_167485364","1_167009846"
"1_167485364","1_167020971"
"1_167485364","1_167056089"
"1_167485364","1_167060384"
"1_167485364","1_167187457"
"1_167485364","1_167690219"
"1_207095325","1_206639384"
"1_207095325","1_206680498"
"1_207095325","1_206784719"
"1_207095325","1_206808181"
"1_207095325","1_206846623"
"1_207095325","1_206945005"
"1_207095325","1_206971832"
"1_207095325","1_207038127"
"1_207095325","1_207491500"
"1_228326248","1_222762923"
"1_228326248","1_222909496"
"1_228326248","1_225596388"
"1_228326248","1_226594644"
"1_228326248","1_227748098"
"1_228326248","1_228264821"
"1_228326248","1_228399082"
"1_228326248","1_228587629"
"1_228326248","1_228610767"
"1_228326248","1_228637113"
"1_228326248","1_228656412"
"1_228326248","1_229406345"
"1_228326248","1_229477418"
"1_228326248","1_229692817"
"1_228326248","1_230766387"
"1_228326248","1_241798766"
"10_99180364","10_99044940"
"10_99180364","10_99075665"
"10_99180364","10_99079899"
"10_99180364","10_99255245"
"10_99180364","10_99445888"
"10_116577878","10_115509832"
"10_116577878","10_115610452"
"10_116577878","10_115798543"
"10_116577878","10_115862998"
"10_116577878","10_115930062"
"10_116577878","10_115938654"
"10_116577878","10_115996795"
"10_116577878","10_116411177"
"10_116577878","10_116442134"
"10_116577878","10_116696415"
"10_116577878","10_116848353"
"10_126837057","10_124767028"
"10_126837057","10_127407480"
"10_126837057","10_127511899"
"11_3237645","11_2983361"
"11_3237645","11_3011918"
"11_3237645","11_3067221"
"11_94275770","11_93516090"
"11_94275770","11_96122634"
"11_124613597","11_124492553"
"11_124613597","11_124537244"
"12_27171342","12_26273795"
"12_27171342","12_26276615"
"12_27171342","12_26979009"
"12_27171342","12_27088464"
"12_27171342","12_27396025"
"12_27171342","12_27485603"
"12_27171342","12_27671949"
"12_27171342","12_28342751"
"12_56725086","12_56513471"
"12_56725086","12_56842593"
"14_24769128","14_24583394"
"14_24769128","14_24656814"
"14_24769128","14_24674183"
"14_24769128","14_24677636"
"14_24769128","14_24683387"
"14_24769128","14_24699675"
"14_24769128","14_24702554"
"14_24769128","14_24800814"
"14_24769128","14_24894613"
"14_24769128","14_24899592"
"14_24769128","14_24908556"
"14_50358189","14_50061701"
"14_50358189","14_50074683"
"14_50358189","14_50467745"
"14_50358189","14_50500285"
"14_50358189","14_50554130"
"14_50358189","14_50568416"
"14_50358189","14_50692824"
"14_50358189","14_51024758"
"14_50358189","14_51287345"
"14_50358189","14_51296619"
"14_50358189","14_51373125"
"14_50358189","14_53151116"
"14_101904053","14_101320467"
"14_101904053","14_101364465"
"14_101904053","14_101391902"
"16_1810189","16_1488865"
"16_67515357","16_67674137"
"16_67515357","16_67684481"
"16_67515357","16_67698217"
"16_67515357","16_67752266"
"16_67515357","16_67875386"
"16_67515357","16_67905460"
"16_67515357","16_67911016"
"16_67515357","16_67917948"
"16_67515357","16_68110224"
"16_88854751","16_88849933"
"16_88854751","16_89231413"
"16_88854751","16_89284032"
"16_89154236","16_88931749"
"16_89154236","16_89001969"
"17_1354524","17_1173588"
"17_1354524","17_1301340"
"17_1354524","17_1395708"
"17_1354524","17_1412771"
"17_1354524","17_1464947"
"17_1354524","17_1512131"
"17_1354524","17_1529960"
"17_1354524","17_1617249"
"17_1354524","17_1731139"
"17_1354524","17_2200955"
"17_1354524","17_2226822"
"17_1354524","17_2237418"
"17_1354524","17_2314092"
"17_33774280","17_33467178"
"17_33774280","17_33471018"
"17_33774280","17_33568746"
"17_33774280","17_33861853"
"17_43199789","17_42979068"
"17_43199789","17_43296482"
"17_76109910","17_74732058"
"17_76109910","17_75275377"
"17_76109910","17_75420227"
"17_76109910","17_75437247"
"17_76109910","17_75998824"
"17_76109910","17_76103774"
"17_76109910","17_76149646"
"17_76109910","17_76176913"
"17_76109910","17_76226126"
"17_76109910","17_76352548"
"17_76109910","17_76374411"
"17_76109910","17_76388850"
"17_76109910","17_76691598"
"17_76109910","17_76834504"
"17_76109910","17_77773717"
"17_78997936","17_78388411"
"17_78997936","17_79206412"
"19_10215285","19_9694877"
"19_10215285","19_9938050"
"19_10215285","19_10043738"
"19_10215285","19_10360796"
"19_10215285","19_10511971"
"19_10215285","19_10516027"
"19_10215285","19_10667442"
"19_10215285","19_54663038"
"19_10516027","19_10043738"
"19_10516027","19_10215285"
"19_10516027","19_10228245"
"19_10516027","19_10360796"
"19_10516027","19_10397276"
"19_10516027","19_10667442"
"19_10516027","19_10677260"
"19_10516027","19_10761038"
"19_10649808","19_10626941"
"19_10649808","19_10761038"
"19_17953733","19_17516320"
"19_17953733","19_17557184"
"19_17953733","19_17569886"
"19_17953733","19_17792724"
"19_17953733","19_17830057"
"19_17953733","19_17886751"
"19_18169849","19_18303017"
"19_18169849","19_18358943"
"19_18169849","19_18417618"
"19_36389676","19_36204880"
"19_36389676","19_36414293"
"19_36389676","19_36482725"
"19_36389676","19_36698998"
"19_36389676","19_50526842"
"19_36389676","19_54959142"
"19_51617905","19_36482725"
"19_51617905","19_38805927"
"19_51617905","19_44029449"
"19_51617905","19_44121610"
"19_51617905","19_45225357"
"19_51617905","19_45457145"
"19_51617905","19_46387104"
"19_51617905","19_50367996"
"19_51617905","19_50452736"
"19_51617905","19_50526842"
"19_51617905","19_50835874"
"19_51617905","19_50867061"
"19_51617905","19_50986471"
"19_51617905","19_51015483"
"19_51617905","19_51225136"
"19_51617905","19_51300965"
"19_51617905","19_51305500"
"19_51617905","19_51319574"
"19_51617905","19_51371886"
"19_51617905","19_51405128"
"19_51617905","19_51470971"
"19_51617905","19_51523012"
"19_51617905","19_51529146"
"19_51617905","19_51564700"
"19_51617905","19_51584491"
"19_51617905","19_51608596"
"19_51617905","19_51666063"
"19_51617905","19_51760252"
"19_51617905","19_51844731"
"19_51617905","19_51943445"
"19_51617905","19_51977821"
"19_51617905","19_51987570"
"19_51617905","19_52066346"
"19_51617905","19_52089926"
"19_51617905","19_52143468"
"19_51617905","19_52188083"
"19_51617905","19_52213503"
"19_51617905","19_52254325"
"19_51617905","19_52293146"
"19_51617905","19_52507278"
"19_51617905","19_54120976"
"19_51617905","19_54663038"
"19_51617905","19_54693495"
"19_51617905","19_54703387"
"19_51617905","19_54959142"
"19_51617905","19_55578961"
"19_51617905","19_55623199"
"19_51617905","19_55794659"
"19_51617905","19_55892329"
"19_51617905","19_56102628"
"19_51617905","19_56657382"
"2_24229593","2_24148001"
"2_209222656","2_206976307"
"2_209222656","2_207023009"
"2_209222656","2_207503231"
"2_209222656","2_207629540"
"2_209222656","2_210285850"
"2_209222656","2_210863697"
"2_209222656","2_210893932"
"2_209222656","2_211030130"
"2_216940809","2_203131695"
"2_216940809","2_214147251"
"2_216940809","2_215670462"
"2_216940809","2_216172445"
"2_216940809","2_216898819"
"2_216940809","2_216966722"
"2_216940809","2_217270739"
"2_216940809","2_217362391"
"2_216940809","2_220040597"
"2_216940809","2_220133863"
"2_216940809","2_220160298"
"2_216940809","2_232322127"
"20_31167858","20_30406625"
"20_55957140","20_54962085"
"20_55957140","20_56193281"
"20_55957140","20_56798095"
"20_55957140","20_56878596"
"20_55957140","20_57223958"
"20_62186341","20_62525548"
"20_62186341","20_62572961"
"20_62186341","20_62575156"
"20_62186341","20_62597686"
"21_30444293","21_26945874"
"21_30444293","21_26977235"
"21_30444293","21_27011379"
"21_30444293","21_27102338"
"21_30444293","21_30358630"
"21_30444293","21_30741895"
"21_46318593","21_45921897"
"22_50214277","22_50309342"
"22_50214277","22_50520885"
"3_176913576","3_176762517"
"3_176913576","3_177340561"
"3_176913576","3_177721416"
"3_184029363","3_127768808"
"5_60455031","5_60625183"
"5_60455031","5_60930891"
"5_60455031","5_60954164"
"6_31528654","6_31509720"
"6_31528654","6_31548352"
"6_31528654","6_31720598"
"6_31528654","6_31742531"
"6_31528654","6_31774256"
"6_31528654","6_31779405"
"6_31528654","6_31788101"
"6_31528654","6_31803288"
"6_31528654","6_31824998"
"6_31528654","6_31922578"
"6_31863610","6_31488607"
"6_31863610","6_31497462"
"6_31863610","6_31509720"
"6_31863610","6_31635460"
"6_31863610","6_31922578"
"6_34198389","6_33358373"
"6_34198389","6_33418098"
"6_34198389","6_33542615"
"6_34198389","6_33679109"
"6_34198389","6_33711347"
"6_34198389","6_33746353"
"6_34198389","6_34358166"
"6_34198389","6_34436482"
"6_34198389","6_34640979"
"6_34198389","6_34853219"
"6_34198389","6_35115336"
"6_149780240","6_149061355"
"6_149780240","6_149279974"
"6_149780240","6_149352592"
"6_149780240","6_149561034"
"6_149780240","6_149834768"
"6_149780240","6_149865416"
"7_74054690","7_73862732"
"8_56812601","8_56684485"
"8_56812601","8_56780974"
"8_56812601","8_56948717"
"8_56812601","8_56978677"
"8_56812601","8_56986793"
"8_56812601","8_57115873"
"8_131024598","8_126101958"
"8_131024598","8_127570006"
"8_131024598","8_128745991"
"8_131024598","8_130831734"
"8_131024598","8_130878087"
"8_131024598","8_131007730"
"8_131024598","8_131078280"
"8_133772610","8_134306102"
"8_133772610","8_135724557"
"9_100745219","9_100456986"
"9_100745219","9_100677901"
"9_100745219","9_101008333"
"1_1206874","1_943677"
"1_1206874","1_1049052"
"1_1239426","1_943677"
"1_32226064","1_32410371"
"1_32246460","1_32410371"
"1_32378903","1_32410371"
"1_32642437","1_32410371"
"1_116820780","1_117542531"
"1_116955262","1_117542531"
"1_117109278","1_117542531"
"1_117292351","1_117542531"
"1_117446540","1_117542531"
"1_117600462","1_117542531"
"1_117602664","1_117542531"
"1_153536569","1_153743839"
"1_153599452","1_153743839"
"1_153621935","1_153743839"
"1_153636395","1_153743839"
"1_153649059","1_153743839"
"1_153725019","1_153743839"
"1_153893802","1_153743839"
"1_153917401","1_153743839"
"1_153923538","1_153743839"
"1_153936971","1_153743839"
"1_153941440","1_153743839"
"1_153956792","1_153743839"
"1_154237905","1_153743839"
"1_160119385","1_160492674"
"1_160473121","1_160492674"
"1_160506003","1_160492674"
"1_160548847","1_160492674"
"1_160643025","1_160492674"
"1_160680987","1_160492674"
"1_167056089","1_167485364"
"1_167060384","1_167485364"
"1_167187457","1_167485364"
"1_203760674","1_203720009"
"1_204485125","1_203720009"
"1_206808181","1_207095325"
"1_206846623","1_207095325"
"1_206945005","1_207095325"
"1_206971832","1_207095325"
"1_207626422","1_207095325"
"1_207659875","1_207095325"
"1_207816343","1_207095325"
"1_228637113","1_228326248"
"10_99044940","10_99180364"
"10_99075665","10_99180364"
"10_99079899","10_99180364"
"11_2983361","11_3237645"
"11_3000649","11_3237645"
"11_3011918","11_3237645"
"11_3023497","11_3237645"
"11_3067221","11_3237645"
"11_3074984","11_3237645"
"11_3187816","11_3237645"
"11_3208601","11_3237645"
"11_62552270","11_63441636"
"11_63301578","11_63441636"
"11_66959174","11_67117204"
"11_67024509","11_67117204"
"11_67039530","11_67117204"
"11_67255570","11_67117204"
"11_89948284","11_94275770"
"11_92929974","11_94275770"
"11_93393566","11_94275770"
"11_93463272","11_94275770"
"11_93472619","11_94275770"
"11_93516090","11_94275770"
"11_124537244","11_124613597"
"12_27396025","12_27171342"
"12_56705304","12_56725086"
"12_56745636","12_56725086"
"12_56842593","12_56725086"
"14_24605003","14_24769128"
"14_24656814","14_24769128"
"14_24677636","14_24769128"
"14_24683387","14_24769128"
"14_24699675","14_24769128"
"14_24702554","14_24769128"
"14_24800814","14_24769128"
"14_24829975","14_24769128"
"14_24894613","14_24769128"
"14_24899592","14_24769128"
"14_24908556","14_24769128"
"14_50298959","14_50358189"
"14_50467745","14_50358189"
"14_50500285","14_50358189"
"14_50554130","14_50358189"
"14_50568416","14_50358189"
"16_67674137","16_67515357"
"16_67684481","16_67515357"
"16_67698217","16_67515357"
"16_67905460","16_67515357"
"16_67962056","16_67515357"
"16_88849933","16_88854751"
"16_89001969","16_89154236"
"16_89231413","16_88854751"
"16_89284032","16_88854751"
"17_33568746","17_33774280"
"17_33758189","17_33774280"
"17_33861853","17_33774280"
"17_33912957","17_33774280"
"17_43236773","17_43199789"
"17_43306627","17_43199789"
"17_43490729","17_43199789"
"19_8509501","19_10215285"
"19_9694877","19_10215285"
"19_10305213","19_10215285"
"19_10319223","19_10215285"
"19_10360796","19_10215285"
"19_10360796","19_10516027"
"19_10397276","19_10516027"
"19_10482404","19_10215285"
"19_10511971","19_10215285"
"19_10511971","19_10516027"
"19_10511971","19_10649808"
"19_10626941","19_10215285"
"19_10626941","19_10516027"
"19_10626941","19_10649808"
"19_10667442","19_10215285"
"19_10667442","19_10516027"
"19_10677260","19_10516027"
"19_10708117","19_10215285"
"19_10761038","19_10516027"
"19_10761038","19_10649808"
"19_18041577","19_17953733"
"19_35628459","19_36389676"
"19_35782588","19_36389676"
"19_35883528","19_36389676"
"19_36129427","19_36389676"
"19_36204880","19_36389676"
"19_36230209","19_36389676"
"19_36414293","19_36389676"
"19_50526842","19_36389676"
"19_54693495","19_51617905"
"19_54959142","19_36389676"
"2_24148001","2_24229593"
"2_24250489","2_24229593"
"2_24423614","2_24229593"
"2_210863697","2_209222656"
"2_210893932","2_209222656"
"2_214011340","2_216940809"
"2_214147251","2_216940809"
"2_216166464","2_216940809"
"2_216966722","2_216940809"
"2_217270739","2_216940809"
"2_217344416","2_216940809"
"2_217362391","2_216940809"
"20_49347302","20_55957140"
"20_54962085","20_55957140"
"20_55029819","20_55957140"
"20_55042694","20_55957140"
"20_55923186","20_55957140"
"20_56960145","20_55957140"
"20_57223958","20_55957140"
"20_57581110","20_55957140"
"20_57616380","20_55957140"
"20_62168042","20_62360730"
"20_62168042","20_62424246"
"20_62486746","20_62186341"
"20_62486746","20_62360730"
"20_62486746","20_62424246"
"20_62546792","20_62360730"
"20_62571195","20_62186341"
"20_62571195","20_62360730"
"20_62571195","20_62424246"
"21_26977235","21_30444293"
"21_27102338","21_30444293"
"21_30358630","21_30444293"
"21_30390625","21_30444293"
"21_30395033","21_30444293"
"21_30549307","21_30444293"
"21_30560019","21_30444293"
"21_30741895","21_30444293"
"3_14693041","3_184029363"
"3_127768808","3_184029363"
"3_171755271","3_176913576"
"3_176762517","3_176913576"
"3_176841166","3_176913576"
"3_177340561","3_176913576"
"3_177721416","3_176913576"
"3_177990144","3_176913576"
"3_178788587","3_176913576"
"3_178863488","3_176913576"
"3_179037674","3_176913576"
"3_179064863","3_176913576"
"3_179326784","3_184029363"
"3_183266196","3_184029363"
"3_183353058","3_184029363"
"3_183600865","3_184029363"
"3_183733408","3_184029363"
"3_183814579","3_184029363"
"3_183852294","3_184029363"
"3_183892124","3_184029363"
"3_183902355","3_184029363"
"5_60625183","5_60455031"
"5_60930891","5_60455031"
"5_60954164","5_60455031"
"5_61698932","5_60455031"
"5_137957181","5_138720525"
"6_31509720","6_31863610"
"6_31511143","6_31863610"
"6_31548352","6_31528654"
"6_31635460","6_31863610"
"6_31643317","6_31863610"
"6_31672196","6_31528654"
"6_31672196","6_31863610"
"6_31836415","6_31528654"
"6_31836415","6_31863610"
"6_31851517","6_31863610"
"6_34358166","6_34198389"
"6_149352592","6_149780240"
"6_149539319","6_149780240"
"6_149561034","6_149780240"
"6_149834768","6_149780240"
"7_2271653","7_1542034"
"7_2281303","7_1542034"
"7_2390145","7_1542034"
"7_2590223","7_1542034"
"7_2594256","7_1542034"
"7_2664449","7_1542034"
"7_73607831","7_74054690"
"8_55013843","8_56812601"
"8_56684485","8_56812601"
"8_56780974","8_56812601"
"8_56978677","8_56812601"
"8_56986793","8_56812601"
"8_57032340","8_56812601"
"8_130831734","8_131024598"
"8_130878087","8_131024598"
"8_131007730","8_131024598"
"8_131078280","8_131024598"
"8_135724557","8_133772610"
"9_95891793","9_95815702"
"9_96331954","9_95815702"
"9_100456986","9_100745219"
"9_100677901","9_100745219"
"1_943677","1_1305519"
"1_25273787","1_25348072"
"1_25273787","1_25349086"
"1_25273787","1_25349895"
"1_25273787","1_25350686"
"1_25273787","1_25353073"
"1_25273787","1_25355912"
"1_25273787","1_25358446"
"1_25273787","1_25360477"
"1_25273787","1_25366985"
"1_25273787","1_25367462"
"1_25273787","1_25368679"
"1_25273787","1_25370471"
"1_25273787","1_25372976"
"1_25273787","1_25379198"
"1_25273787","1_25407220"
"1_25273787","1_25412596"
"1_25273787","1_25419319"
"1_25273787","1_25421401"
"1_25273787","1_25423374"
"1_25273787","1_25437848"
"1_25273787","1_25475952"
"1_25273787","1_25524376"
"1_25273787","1_25528282"
"1_25273787","1_25536070"
"1_32410371","1_32100443"
"1_32410371","1_32114566"
"1_32410371","1_32116140"
"1_32410371","1_32116941"
"1_32410371","1_32176337"
"1_32410371","1_32223436"
"1_32410371","1_32230498"
"1_32410371","1_32255319"
"1_32410371","1_32257616"
"1_32410371","1_32259149"
"1_32410371","1_32267275"
"1_32410371","1_32271557"
"1_32410371","1_32271848"
"1_32410371","1_32283189"
"1_32410371","1_32287526"
"1_32410371","1_32287877"
"1_32410371","1_32297262"
"1_32410371","1_32303263"
"1_32410371","1_32378291"
"1_32410371","1_32389786"
"1_117542531","1_116919804"
"1_117542531","1_117039227"
"1_117542531","1_117065031"
"1_117542531","1_117078942"
"1_117542531","1_117094696"
"1_117542531","1_117096458"
"1_117542531","1_117103622"
"1_117542531","1_117104435"
"1_117542531","1_117115887"
"1_117542531","1_117116258"
"1_117542531","1_117120894"
"1_117542531","1_117138282"
"1_117542531","1_117207585"
"1_117542531","1_117217407"
"1_117542531","1_117219517"
"1_117542531","1_117220896"
"1_117542531","1_117237379"
"1_117542531","1_117239826"
"1_117542531","1_117241602"
"1_117542531","1_117244198"
"1_117542531","1_117247065"
"1_117542531","1_117252903"
"1_117542531","1_117256534"
"1_117542531","1_117257258"
"1_117542531","1_117259997"
"1_117542531","1_117266498"
"1_117542531","1_117269244"
"1_117542531","1_117272889"
"1_117542531","1_117277843"
"1_117542531","1_117286045"
"1_117542531","1_117287620"
"1_117542531","1_117290800"
"1_117542531","1_117299606"
"1_117542531","1_117308575"
"1_117542531","1_117309551"
"1_117542531","1_117310934"
"1_117542531","1_117311839"
"1_117542531","1_117313961"
"1_117542531","1_117315068"
"1_117542531","1_117317139"
"1_117542531","1_117320563"
"1_117542531","1_117323061"
"1_117542531","1_117335536"
"1_117542531","1_117347278"
"1_117542531","1_117348993"
"1_117542531","1_117356852"
"1_117542531","1_117369690"
"1_117542531","1_117371750"
"1_117542531","1_117384864"
"1_117542531","1_117385018"
"1_117542531","1_117385904"
"1_117542531","1_117398176"
"1_117542531","1_117415080"
"1_117542531","1_117415238"
"1_117542531","1_117420725"
"1_117542531","1_117424888"
"1_117542531","1_117425995"
"1_117542531","1_117428564"
"1_117542531","1_117430167"
"1_117542531","1_117430481"
"1_117542531","1_117432031"
"1_117542531","1_117519246"
"1_117542531","1_117583613"
"1_117542531","1_117594172"
"1_117542531","1_144990022"
"1_117542531","1_145001023"
"1_117542531","1_145023337"
"1_117542531","1_145038614"
"1_117542531","1_145043289"
"1_117542531","1_145065047"
"1_117542531","1_145088913"
"1_153743839","1_153330483"
"1_153743839","1_153339726"
"1_153743839","1_153474052"
"1_153743839","1_153533411"
"1_153743839","1_153543044"
"1_153743839","1_153554316"
"1_153743839","1_153557692"
"1_153743839","1_153610769"
"1_153743839","1_153654306"
"1_153743839","1_153735966"
"1_153743839","1_153753349"
"1_153743839","1_153857582"
"1_153743839","1_153882648"
"1_153743839","1_153883631"
"1_153743839","1_153892039"
"1_153743839","1_153892851"
"1_153743839","1_153912426"
"1_153743839","1_153921884"
"1_153743839","1_153935289"
"1_153743839","1_153950378"
"1_153743839","1_153953775"
"1_153743839","1_153974011"
"1_153743839","1_154087544"
"1_153743839","1_154141622"
"1_153743839","1_154143422"
"1_153743839","1_154148157"
"1_153743839","1_154150892"
"1_153743839","1_154152950"
"1_153743839","1_154179649"
"1_153743839","1_154201715"
"1_153743839","1_154204968"
"1_153743839","1_154212604"
"1_153743839","1_154231252"
"1_153743839","1_154247107"
"1_160492674","1_160286602"
"1_160492674","1_160295159"
"1_160492674","1_160298957"
"1_160492674","1_160304099"
"1_160492674","1_160314807"
"1_160492674","1_160320740"
"1_160492674","1_160321930"
"1_160492674","1_160322189"
"1_160492674","1_160324673"
"1_160492674","1_160328321"
"1_160492674","1_160344886"
"1_160492674","1_160366731"
"1_160492674","1_160367414"
"1_160492674","1_160372114"
"1_160492674","1_160373406"
"1_160492674","1_160398339"
"1_160492674","1_160398760"
"1_160492674","1_160401687"
"1_160492674","1_160403363"
"1_160492674","1_160406805"
"1_160492674","1_160409513"
"1_160492674","1_160411584"
"1_160492674","1_160413867"
"1_160492674","1_160416756"
"1_160492674","1_160421623"
"1_160492674","1_160427127"
"1_160492674","1_160427851"
"1_160492674","1_160429322"
"1_160492674","1_160433262"
"1_160492674","1_160433417"
"1_160492674","1_160434801"
"1_160492674","1_160435669"
"1_160492674","1_160438281"
"1_160492674","1_160451705"
"1_160492674","1_160452152"
"1_160492674","1_160452632"
"1_160492674","1_160454228"
"1_160492674","1_160456420"
"1_160492674","1_160458195"
"1_160492674","1_160459333"
"1_160492674","1_160460923"
"1_160492674","1_160472104"
"1_160492674","1_160485913"
"1_160492674","1_160507948"
"1_160492674","1_160508918"
"1_160492674","1_160510500"
"1_160492674","1_160514239"
"1_160492674","1_160514535"
"1_160492674","1_160516245"
"1_160492674","1_160522336"
"1_160492674","1_160531095"
"1_160492674","1_160536625"
"1_160492674","1_160543917"
"1_160492674","1_160546467"
"1_160492674","1_160554585"
"1_160492674","1_160554925"
"1_160492674","1_160556207"
"1_160492674","1_160557580"
"1_160492674","1_160558665"
"1_160492674","1_160560371"
"1_160492674","1_160562317"
"1_160492674","1_160574267"
"1_160492674","1_160575650"
"1_160492674","1_160581168"
"1_160492674","1_160590316"
"1_160492674","1_160592009"
"1_160492674","1_160596215"
"1_160492674","1_160602341"
"1_160492674","1_160610630"
"1_160492674","1_160612290"
"1_160492674","1_160613137"
"1_160492674","1_160615023"
"1_160492674","1_160615694"
"1_160492674","1_160628002"
"1_160492674","1_160630256"
"1_160492674","1_160635226"
"1_160492674","1_160635755"
"1_160492674","1_160636133"
"1_160492674","1_160648364"
"1_160492674","1_160649405"
"1_160492674","1_160650471"
"1_160492674","1_160653213"
"1_160492674","1_160654441"
"1_160492674","1_160655156"
"1_160492674","1_160672567"
"1_160492674","1_160673970"
"1_160492674","1_160679239"
"1_160492674","1_160683127"
"1_160492674","1_160714815"
"1_160492674","1_160722045"
"1_160492674","1_160725756"
"1_160492674","1_160726283"
"1_160492674","1_160738059"
"1_160492674","1_160742315"
"1_160492674","1_160764168"
"1_160492674","1_160771335"
"1_160492674","1_160799641"
"1_160492674","1_160981719"
"1_160492674","1_161012086"
"1_167485364","1_166830937"
"1_167485364","1_166837589"
"1_167485364","1_166852492"
"1_167485364","1_166863982"
"1_167485364","1_166867862"
"1_167485364","1_166871870"
"1_167485364","1_166874360"
"1_167485364","1_166883934"
"1_167485364","1_166886806"
"1_167485364","1_166896895"
"1_167485364","1_166915755"
"1_167485364","1_166937605"
"1_167485364","1_166990510"
"1_167485364","1_167013675"
"1_167485364","1_167022031"
"1_167485364","1_167022673"
"1_167485364","1_167026788"
"1_167485364","1_167029811"
"1_167485364","1_167030759"
"1_167485364","1_167034258"
"1_167485364","1_167035250"
"1_167485364","1_167040816"
"1_167485364","1_167050123"
"1_167485364","1_167052160"
"1_167485364","1_167053878"
"1_167485364","1_167054385"
"1_167485364","1_167071673"
"1_167485364","1_167084319"
"1_167485364","1_167087830"
"1_167485364","1_167109989"
"1_167485364","1_167135268"
"1_167485364","1_167160424"
"1_167485364","1_167179527"
"1_167485364","1_167180524"
"1_167485364","1_167184717"
"1_167485364","1_167198974"
"1_167485364","1_167200722"
"1_167485364","1_167206270"
"1_167485364","1_167206805"
"1_167485364","1_167213960"
"1_167485364","1_167216728"
"1_167485364","1_167218426"
"1_167485364","1_167222177"
"1_167485364","1_167229196"
"1_167485364","1_167230799"
"1_167485364","1_167231498"
"1_167485364","1_167232377"
"1_167485364","1_167235147"
"1_167485364","1_167237903"
"1_167485364","1_167238391"
"1_167485364","1_167245876"
"1_167485364","1_167256023"
"1_167485364","1_167256621"
"1_167485364","1_167258586"
"1_167485364","1_167334492"
"1_167485364","1_167355031"
"1_167485364","1_167355895"
"1_167485364","1_167357334"
"1_167485364","1_167359518"
"1_167485364","1_167365778"
"1_167485364","1_167366000"
"1_167485364","1_167367911"
"1_167485364","1_167371542"
"1_167485364","1_167375282"
"1_167485364","1_167378386"
"1_167485364","1_167382536"
"1_167485364","1_167383007"
"1_167485364","1_167383450"
"1_167485364","1_167387318"
"1_167485364","1_167387982"
"1_167485364","1_167392070"
"1_167485364","1_167392607"
"1_167485364","1_167394411"
"1_167485364","1_167395081"
"1_167485364","1_167395438"
"1_167485364","1_167398138"
"1_167485364","1_167399864"
"1_167485364","1_167403020"
"1_167485364","1_167403386"
"1_167485364","1_167414030"
"1_167485364","1_167419405"
"1_167485364","1_167431409"
"1_167485364","1_167433753"
"1_167485364","1_167436474"
"1_167485364","1_167447630"
"1_167485364","1_167459471"
"1_167485364","1_167461782"
"1_167485364","1_167464880"
"1_167485364","1_167468878"
"1_167485364","1_167469292"
"1_167485364","1_167477436"
"1_167485364","1_167597388"
"1_167485364","1_167681006"
"1_203720009","1_203220777"
"1_203720009","1_203236626"
"1_203720009","1_203238200"
"1_203720009","1_203475785"
"1_203720009","1_203590398"
"1_203720009","1_203590634"
"1_207095325","1_206636876"
"1_207095325","1_206655727"
"1_207095325","1_206663657"
"1_207095325","1_206664714"
"1_207095325","1_206676539"
"1_207095325","1_206676801"
"1_207095325","1_206677337"
"1_207095325","1_206684375"
"1_207095325","1_206718458"
"1_207095325","1_206719864"
"1_207095325","1_206727741"
"1_207095325","1_206732381"
"1_207095325","1_206736446"
"1_207095325","1_206746273"
"1_207095325","1_206749398"
"1_207095325","1_206761905"
"1_207095325","1_206770474"
"1_207095325","1_206770817"
"1_207095325","1_206772071"
"1_207095325","1_206773501"
"1_207095325","1_206774355"
"1_207095325","1_206776209"
"1_207095325","1_206783089"
"1_207095325","1_206788449"
"1_207095325","1_206794230"
"1_207095325","1_206794666"
"1_207095325","1_206804390"
"1_207095325","1_206804810"
"1_207095325","1_206805977"
"1_207095325","1_206807423"
"1_207095325","1_206822234"
"1_207095325","1_206823300"
"1_207095325","1_206826043"
"1_207095325","1_206826808"
"1_207095325","1_206827442"
"1_207095325","1_206833072"
"1_207095325","1_206842258"
"1_207095325","1_206862926"
"1_207095325","1_206864946"
"1_207095325","1_206865179"
"1_207095325","1_206870814"
"1_207095325","1_206878040"
"1_207095325","1_206878674"
"1_207095325","1_206882018"
"1_207095325","1_206885432"
"1_207095325","1_206885964"
"1_207095325","1_206889389"
"1_207095325","1_206890645"
"1_207095325","1_206893556"
"1_207095325","1_206894634"
"1_207095325","1_206900257"
"1_207095325","1_206901484"
"1_207095325","1_206903741"
"1_207095325","1_206908792"
"1_207095325","1_206919030"
"1_207095325","1_206919276"
"1_207095325","1_206926688"
"1_207095325","1_206929324"
"1_207095325","1_206929877"
"1_207095325","1_206930317"
"1_207095325","1_206934103"
"1_207095325","1_206935048"
"1_207095325","1_206941628"
"1_207095325","1_206946551"
"1_207095325","1_206946764"
"1_207095325","1_206961334"
"1_207095325","1_206964993"
"1_207095325","1_206968442"
"1_207095325","1_206976798"
"1_207095325","1_206977151"
"1_207095325","1_206977907"
"1_207095325","1_206980252"
"1_207095325","1_206990753"
"1_207095325","1_206992010"
"1_207095325","1_206993215"
"1_207095325","1_206993503"
"1_207095325","1_206995054"
"1_207095325","1_207031373"
"1_207095325","1_207034208"
"1_207095325","1_207044658"
"1_207095325","1_207046411"
"1_207095325","1_207082340"
"1_207095325","1_207088870"
"1_207095325","1_207092412"
"1_207095325","1_207153556"
"1_207095325","1_207155887"
"1_207095325","1_207244974"
"1_207095325","1_207604150"
"1_207095325","1_207631616"
"1_207095325","1_207638036"
"1_207095325","1_207642875"
"1_207095325","1_207658166"
"1_207095325","1_207658839"
"1_207095325","1_207672994"
"1_207095325","1_207673203"
"1_207095325","1_207673460"
"1_207095325","1_207674883"
"1_228326248","1_228356100"
"1_228326248","1_228458842"
"1_228326248","1_228649739"
"1_228326248","1_228653622"
"1_228326248","1_228682400"
"1_228326248","1_228685625"
"1_228326248","1_228687760"
"1_228326248","1_228688012"
"1_228326248","1_228688617"
"1_231155063","1_231332494"
"1_231155063","1_231341717"
"1_231155063","1_231342475"
"1_231155063","1_231345333"
"1_231155063","1_231350695"
"1_231155063","1_231351517"
"1_231155063","1_231354201"
"1_231155063","1_231359349"
"1_231155063","1_231369781"
"10_99180364","10_98998344"
"10_99180364","10_99009420"
"10_99180364","10_99014361"
"10_99180364","10_99015536"
"10_99180364","10_99018753"
"10_99180364","10_99022970"
"10_99180364","10_99023890"
"10_99180364","10_99024082"
"10_99180364","10_99030417"
"10_99180364","10_99041904"
"10_99180364","10_99053827"
"10_99180364","10_99075014"
"10_99180364","10_99199105"
"10_99180364","10_99413727"
"10_99180364","10_99484987"
"10_116577878","10_115418091"
"10_126837057","10_126732753"
"10_126837057","10_126832160"
"11_3237645","11_2526545"
"11_3237645","11_2538146"
"11_3237645","11_2543839"
"11_3237645","11_2545012"
"11_3237645","11_2558431"
"11_3237645","11_2568002"
"11_3237645","11_2573011"
"11_3237645","11_2576484"
"11_3237645","11_2577138"
"11_3237645","11_2618721"
"11_3237645","11_2939104"
"11_3237645","11_2972283"
"11_3237645","11_2974568"
"11_3237645","11_2975465"
"11_3237645","11_2977252"
"11_3237645","11_2985218"
"11_3237645","11_2995331"
"11_3237645","11_2995802"
"11_3237645","11_2999828"
"11_3237645","11_3011329"
"11_3237645","11_3016899"
"11_3237645","11_3022352"
"11_3237645","11_3057388"
"11_3237645","11_3057757"
"11_3237645","11_3060045"
"11_3237645","11_3065476"
"11_3237645","11_3071699"
"11_3237645","11_3101518"
"11_3237645","11_3109735"
"11_3237645","11_3127697"
"11_3237645","11_3135537"
"11_3237645","11_3136674"
"11_3237645","11_3150957"
"11_3237645","11_3233202"
"11_3237645","12_100975854"
"11_63441636","11_62643943"
"11_63441636","11_62650266"
"11_63441636","11_62657350"
"11_63441636","11_63247827"
"11_63441636","11_63481835"
"11_63441636","11_63497850"
"11_63441636","11_63498907"
"11_63441636","11_63655038"
"11_63441636","11_63931005"
"11_67117204","11_66846999"
"11_67117204","11_67015708"
"11_67117204","11_67018839"
"11_67117204","11_67019226"
"11_67117204","11_67107975"
"11_67117204","11_67153690"
"11_67117204","11_67429736"
"11_94275770","11_95524051"
"11_94275770","11_96158182"
"11_94275770","11_96159193"
"11_94275770","11_96168259"
"11_124613597","11_124489941"
"11_124613597","11_124493875"
"11_124613597","11_124494080"
"11_124613597","11_124516689"
"11_124613597","11_124518774"
"11_124613597","11_124531510"
"11_124613597","11_124532001"
"11_124613597","11_124533745"
"11_124613597","11_124545318"
"11_124613597","11_124605291"
"11_124613597","11_124703244"
"11_124613597","11_124703775"
"11_124613597","11_124706248"
"12_27171342","12_26986462"
"12_27171342","12_26992765"
"12_27171342","12_27001400"
"12_27171342","12_27044002"
"12_27171342","12_27275569"
"12_27171342","12_27392705"
"12_27171342","12_27395239"
"12_27171342","12_27399537"
"12_27171342","12_27403086"
"12_27171342","12_27405993"
"12_27171342","12_27406612"
"12_27171342","12_27411097"
"12_27171342","12_27431642"
"12_27171342","12_27432786"
"12_27171342","12_27438266"
"12_27171342","12_27438513"
"12_27171342","12_27442382"
"12_27171342","12_27449902"
"12_27171342","12_27451590"
"12_27171342","12_27453141"
"12_27171342","12_27453808"
"12_27171342","12_27460442"
"12_27171342","12_27462649"
"12_27171342","12_27463856"
"12_27171342","12_27467369"
"12_27171342","12_27470491"
"12_27171342","12_27476993"
"12_27171342","12_27477946"
"12_27171342","12_27484487"
"12_27171342","12_27486681"
"12_56725086","12_56207114"
"12_56725086","12_56512775"
"12_56725086","12_56516471"
"12_56725086","12_56517184"
"12_56725086","12_56518916"
"12_56725086","12_56531903"
"12_56725086","12_56579593"
"12_56725086","12_56586731"
"12_56725086","12_56588267"
"12_56725086","12_56598874"
"12_56725086","12_56702350"
"12_56725086","12_56703673"
"12_56725086","12_56704169"
"12_56725086","12_56710874"
"12_56725086","12_56713168"
"12_56725086","12_56719541"
"12_56725086","12_56843552"
"12_56725086","12_56845032"
"12_56725086","12_56851864"
"12_56725086","12_56852159"
"12_56725086","12_56853169"
"12_56725086","12_56853765"
"12_56725086","12_56884458"
"12_56725086","12_57004449"
"12_56725086","12_57022341"
"14_24769128","14_24078184"
"14_24769128","14_24511904"
"14_24769128","14_24526636"
"14_24769128","14_24534557"
"14_24769128","14_24535823"
"14_24769128","14_24547567"
"14_24769128","14_24548916"
"14_24769128","14_24555650"
"14_24769128","14_24560763"
"14_24769128","14_24569483"
"14_24769128","14_24569639"
"14_24769128","14_24585246"
"14_24769128","14_24586904"
"14_24769128","14_24621488"
"14_24769128","14_24633520"
"14_24769128","14_24642710"
"14_24769128","14_24654986"
"14_24769128","14_24663617"
"14_24769128","14_24665301"
"14_24769128","14_24665809"
"14_24769128","14_24670910"
"14_24769128","14_24672647"
"14_24769128","14_24673965"
"14_24769128","14_24690280"
"14_24769128","14_24716418"
"14_24769128","14_24717167"
"14_24769128","14_24727051"
"14_24769128","14_24734992"
"14_24769128","14_24789270"
"14_24769128","14_24791728"
"14_24769128","14_24869498"
"14_24769128","14_24884711"
"14_24769128","14_24886784"
"14_24769128","14_24888083"
"14_24769128","14_24889512"
"14_24769128","14_24890507"
"14_24769128","14_24893288"
"14_24769128","14_24905841"
"14_50358189","14_50329749"
"14_50358189","14_50330237"
"14_50358189","14_50331237"
"14_50358189","14_50332533"
"14_50358189","14_50333765"
"14_50358189","14_50334559"
"14_50358189","14_50335773"
"14_50358189","14_50336906"
"14_50358189","14_50406533"
"14_50358189","14_50412594"
"14_50358189","14_50414334"
"14_50358189","14_50420373"
"14_50358189","14_50425263"
"14_50358189","14_50428529"
"14_50358189","14_50438045"
"14_50358189","14_50439309"
"14_50358189","14_50442239"
"14_50358189","14_50445181"
"14_50358189","14_50449478"
"14_50358189","14_50458117"
"14_50358189","14_50460430"
"14_50358189","14_50467187"
"14_50358189","14_50467383"
"14_50358189","14_50482450"
"14_50358189","14_50490931"
"14_50358189","14_50493333"
"14_50358189","14_50494054"
"14_50358189","14_50509285"
"14_50358189","14_50511793"
"14_50358189","14_50516381"
"14_50358189","14_50520020"
"14_50358189","14_50526876"
"14_50358189","14_50538879"
"14_50358189","14_50544345"
"14_50358189","14_50562915"
"14_50358189","14_50563823"
"14_50358189","14_50567641"
"14_50358189","14_50584066"
"14_50358189","14_50584926"
"14_50358189","14_50587244"
"14_50358189","14_50592266"
"14_50358189","14_50595688"
"14_50358189","14_50596524"
"14_50358189","14_50597354"
"14_50358189","14_50599548"
"14_50358189","14_50602073"
"14_50358189","14_50605770"
"14_50358189","14_50609303"
"14_50358189","14_50641921"
"14_50358189","14_50691194"
"14_50358189","14_50699176"
"14_50358189","14_51295178"
"14_51338682","14_51187439"
"14_51338682","14_51191568"
"14_51338682","14_51195059"
"14_51338682","14_51696155"
"14_101904053","14_101220945"
"14_101904053","14_101256016"
"14_101904053","14_101304437"
"14_101904053","14_101318914"
"14_101904053","14_101352449"
"14_101904053","14_101352609"
"14_101904053","14_101372302"
"16_1810189","16_1805085"
"16_67515357","16_67672322"
"16_67515357","16_67751102"
"16_67515357","16_67958741"
"16_88854751","16_89193452"
"16_88854751","16_89194541"
"16_88854751","16_89206910"
"16_88854751","16_89210667"
"16_88854751","16_89221863"
"16_88854751","16_89222223"
"16_88854751","16_89240730"
"16_88854751","16_89244361"
"16_88854751","16_89266829"
"16_88854751","16_89270620"
"16_88854751","16_89273875"
"16_88854751","16_89283043"
"16_88854751","16_89286119"
"16_88854751","16_89360725"
"16_89154236","16_89011312"
"16_89154236","16_89015142"
"16_89154236","16_89024680"
"16_89154236","16_89034404"
"16_89154236","16_89038992"
"16_89154236","16_89054937"
"17_33774280","17_33465250"
"17_33774280","17_33466530"
"17_33774280","17_33476049"
"17_33774280","17_33485965"
"17_33774280","17_33496535"
"17_33774280","17_33502714"
"17_33774280","17_33511355"
"17_33774280","17_33516494"
"17_33774280","17_33517522"
"17_33774280","17_33518308"
"17_33774280","17_33533151"
"17_33774280","17_33538056"
"17_33774280","17_33538495"
"17_33774280","17_33539777"
"17_33774280","17_33544384"
"17_33774280","17_33547030"
"17_33774280","17_33553229"
"17_33774280","17_33555658"
"17_33774280","17_33559013"
"17_33774280","17_33565914"
"17_33774280","17_33566341"
"17_33774280","17_33567251"
"17_33774280","17_33574808"
"17_33774280","17_33582640"
"17_33774280","17_33582826"
"17_33774280","17_33584963"
"17_33774280","17_33585161"
"17_33774280","17_33589560"
"17_33774280","17_33597195"
"17_33774280","17_33599378"
"17_33774280","17_33609496"
"17_33774280","17_33621614"
"17_33774280","17_33625816"
"17_33774280","17_33635004"
"17_33774280","17_33638859"
"17_33774280","17_33640032"
"17_33774280","17_33640775"
"17_33774280","17_33641022"
"17_33774280","17_33642609"
"17_33774280","17_33646045"
"17_33774280","17_33648763"
"17_33774280","17_33660310"
"17_33774280","17_33661921"
"17_33774280","17_33663851"
"17_33774280","17_33667146"
"17_33774280","17_33714931"
"17_33774280","17_33762709"
"17_33774280","17_33770505"
"17_33774280","17_33771556"
"17_33774280","17_33811415"
"17_33774280","17_33825695"
"17_33774280","17_33841129"
"17_33774280","17_33847145"
"17_33774280","17_33847971"
"17_33774280","17_33849455"
"17_33774280","17_33850144"
"17_33774280","17_33850469"
"17_33774280","17_33855001"
"17_33774280","17_33859489"
"17_33774280","17_33864996"
"17_33774280","17_33871957"
"17_43199789","17_42849246"
"17_43199789","17_42855263"
"17_43199789","17_42956122"
"17_43199789","17_42957183"
"17_43199789","17_42995721"
"17_43199789","17_43275661"
"17_43199789","17_43324158"
"17_43199789","17_43342452"
"17_43199789","17_43403839"
"17_43199789","17_43416727"
"17_43199789","17_43444004"
"17_43199789","17_43459414"
"17_43199789","17_43465629"
"17_43199789","17_43470562"
"17_43199789","17_43474832"
"17_43199789","17_43479073"
"17_76109910","17_76175289"
"17_78997936","17_78393068"
"19_10215285","19_9239918"
"19_10215285","19_9244583"
"19_10215285","19_9695614"
"19_10215285","19_9732261"
"19_10215285","19_9733656"
"19_10215285","19_10035488"
"19_10215285","19_10039509"
"19_10215285","19_10043065"
"19_10215285","19_10049458"
"19_10215285","19_10348942"
"19_10215285","19_10355300"
"19_10215285","19_10355515"
"19_10215285","19_10497952"
"19_10215285","19_10503067"
"19_10215285","19_10666468"
"19_10215285","19_54693793"
"19_10516027","19_10039509"
"19_10516027","19_10043065"
"19_10516027","19_10182543"
"19_10516027","19_10348942"
"19_10516027","19_10355300"
"19_10516027","19_10355515"
"19_10516027","19_10381519"
"19_10516027","19_10503067"
"19_10516027","19_10621347"
"19_10516027","19_10623935"
"19_10516027","19_10666468"
"19_10516027","19_10704754"
"19_10516027","19_10757555"
"19_10516027","19_10759046"
"19_10516027","19_10760658"
"19_10516027","19_10772956"
"19_10516027","19_10808513"
"19_10649808","19_10621347"
"19_10649808","19_10623935"
"19_10649808","19_10636610"
"19_10649808","19_10757555"
"19_10649808","19_10757932"
"19_10649808","19_10759046"
"19_10649808","19_10760658"
"19_10649808","19_10772956"
"19_10649808","19_10786221"
"19_10649808","19_10794127"
"19_10649808","19_10808513"
"19_10649808","19_10809193"
"19_10649808","19_10868759"
"19_10649808","19_10963326"
"19_10649808","19_10987630"
"19_17953733","19_17713984"
"19_17953733","19_17806704"
"19_17953733","19_17807307"
"19_17953733","19_17809885"
"19_17953733","19_17817385"
"19_17953733","19_17827433"
"19_36389676","19_35774697"
"19_36389676","19_36039399"
"19_36389676","19_36046959"
"19_36389676","19_36129241"
"19_36389676","19_36177426"
"19_36389676","19_36183638"
"19_36389676","19_36183939"
"19_36389676","19_36187888"
"19_36389676","19_36189643"
"19_36389676","19_36219242"
"19_36389676","19_36226216"
"19_36389676","19_36240252"
"19_36389676","19_36487236"
"19_36389676","19_36534829"
"19_36389676","19_36705755"
"19_36389676","19_36706787"
"19_36389676","19_39882083"
"19_36389676","19_54693793"
"19_47811092","17_19681691"
"19_47811092","19_47852844"
"19_47811092","19_47853400"
"19_47811092","19_47854759"
"2_24229593","2_24014553"
"2_24229593","2_24022543"
"2_24229593","2_24023931"
"2_24229593","2_24025830"
"2_24229593","2_24039701"
"2_24229593","2_24040668"
"2_24229593","2_24041607"
"2_24229593","2_24042024"
"2_24229593","2_24046200"
"2_24229593","2_24047788"
"2_24229593","2_24049053"
"2_24229593","2_24050622"
"2_24229593","2_24051395"
"2_24229593","2_24053323"
"2_24229593","2_24073323"
"2_24229593","2_24086605"
"2_24229593","2_24088738"
"2_24229593","2_24090740"
"2_24229593","2_24145239"
"2_24229593","2_24150489"
"2_24229593","2_24273363"
"2_24229593","2_24281136"
"2_24229593","2_24281783"
"2_24229593","2_24302129"
"2_24229593","2_24566717"
"2_24229593","2_24581553"
"2_24229593","2_24581829"
"2_24229593","2_24591932"
"2_24229593","2_24613363"
"2_24229593","2_24614103"
"2_24229593","X_9168186"
"2_209222656","2_210869387"
"2_209222656","2_210870693"
"2_209222656","2_210877544"
"2_209222656","2_210911402"
"2_216940809","2_214021766"
"2_216940809","2_214054362"
"2_216940809","2_214103610"
"2_216940809","2_214115624"
"2_216940809","2_214118135"
"2_216940809","2_214138616"
"2_216940809","2_214145743"
"2_216940809","2_214146781"
"2_216940809","2_214150608"
"2_216940809","2_214153870"
"2_216940809","2_214161262"
"2_216940809","2_215679969"
"2_216940809","2_216890059"
"2_216940809","2_216897646"
"2_216940809","2_216899895"
"2_216940809","2_216904551"
"2_216940809","2_216954617"
"2_216940809","2_216954855"
"2_216940809","2_216956945"
"2_216940809","2_216958749"
"2_216940809","2_216958932"
"2_216940809","2_216964392"
"2_216940809","2_216983676"
"2_216940809","2_216985792"
"2_216940809","2_216987285"
"2_216940809","2_217003149"
"2_216940809","2_217006299"
"2_216940809","2_217007597"
"2_216940809","2_217008101"
"2_216940809","2_217008739"
"2_216940809","2_217013557"
"2_216940809","2_217014005"
"2_216940809","2_217014679"
"2_216940809","2_217016140"
"2_216940809","2_217025981"
"2_216940809","2_217030699"
"2_216940809","2_217037901"
"2_216940809","2_217041514"
"2_216940809","2_217048565"
"2_216940809","2_217049079"
"2_216940809","2_217052957"
"2_216940809","2_217053895"
"2_216940809","2_217061758"
"2_216940809","2_217065015"
"2_216940809","2_217067271"
"2_216940809","2_217078186"
"2_216940809","2_217211385"
"2_216940809","2_217232470"
"2_216940809","2_217240426"
"2_216940809","2_217251727"
"2_216940809","2_217252214"
"2_216940809","2_217259811"
"2_216940809","2_217264115"
"2_216940809","2_217264802"
"2_216940809","2_217266869"
"2_216940809","2_217268363"
"2_216940809","2_217279292"
"2_216940809","2_217280918"
"2_216940809","2_217281138"
"2_216940809","2_217287511"
"2_216940809","2_217288449"
"2_216940809","2_217291700"
"2_216940809","2_217293667"
"2_216940809","2_217294441"
"2_216940809","2_217304330"
"2_216940809","2_217304787"
"2_216940809","2_217305046"
"2_216940809","2_217308109"
"2_216940809","2_217308648"
"2_216940809","2_217313364"
"2_216940809","2_217316967"
"2_216940809","2_217342467"
"2_216940809","2_217343803"
"2_216940809","2_217355617"
"2_216940809","2_217356495"
"2_216940809","2_217357654"
"2_216940809","2_217365718"
"2_216940809","2_217368929"
"2_216940809","2_217369456"
"2_216940809","2_217374833"
"2_216940809","2_217375297"
"2_216940809","2_217377184"
"2_216940809","2_219512818"
"20_31167858","20_31110726"
"20_31167858","20_31116208"
"20_31167858","20_31149191"
"20_55957140","20_54967539"
"20_55957140","20_54991745"
"20_55957140","20_54993296"
"20_55957140","20_54996044"
"20_55957140","20_55004817"
"20_55957140","20_55036741"
"20_55957140","20_55039543"
"20_55957140","20_55042359"
"20_55957140","20_55926599"
"20_55957140","20_55979472"
"20_55957140","20_56019366"
"20_55957140","20_56030685"
"20_55957140","20_56032033"
"20_55957140","20_56037570"
"20_55957140","20_56041033"
"20_55957140","20_56048351"
"20_55957140","20_56055934"
"20_55957140","20_56059581"
"20_55957140","20_56067414"
"20_55957140","20_56074933"
"20_55957140","20_56083655"
"20_55957140","20_56087106"
"20_55957140","20_56090713"
"20_55957140","20_56150979"
"20_55957140","20_56181098"
"20_55957140","20_56181651"
"20_55957140","20_56182442"
"20_55957140","20_56182677"
"20_55957140","20_56189835"
"20_55957140","20_56203076"
"20_55957140","20_56203342"
"20_55957140","20_56204778"
"20_55957140","20_56204978"
"20_55957140","20_56205368"
"20_55957140","20_56212696"
"20_55957140","20_56221640"
"20_55957140","20_56224209"
"20_55957140","20_56229160"
"20_55957140","20_56278416"
"20_55957140","20_56285974"
"20_55957140","20_56571503"
"20_55957140","20_56582347"
"20_55957140","20_56747939"
"20_55957140","20_56755685"
"20_55957140","20_56796375"
"20_55957140","20_56804681"
"20_55957140","20_56807319"
"20_55957140","20_56808978"
"20_55957140","20_56810314"
"20_55957140","20_56811956"
"20_55957140","20_56814574"
"20_55957140","20_56815784"
"20_55957140","20_56817935"
"20_55957140","20_56847269"
"20_55957140","20_56871452"
"20_55957140","20_56873730"
"20_55957140","20_56877020"
"20_55957140","20_56885604"
"20_55957140","20_56942729"
"20_55957140","20_56956603"
"20_55957140","20_56972654"
"20_55957140","20_56973526"
"20_55957140","20_56975337"
"20_55957140","20_56976429"
"20_55957140","20_56982304"
"20_55957140","20_56983502"
"20_55957140","20_56990854"
"20_55957140","20_56992457"
"20_55957140","20_57220513"
"20_55957140","20_57223173"
"20_55957140","20_57226956"
"20_55957140","20_57227845"
"20_55957140","20_57228970"
"20_55957140","20_57229586"
"20_55957140","20_57233053"
"20_55957140","20_57233362"
"20_55957140","20_57239618"
"20_55957140","20_57249963"
"20_55957140","20_57583239"
"20_55957140","20_57603882"
"20_55957140","20_57618510"
"20_55957140","20_57687035"
"20_55957140","20_57697067"
"20_55957140","20_57697258"
"20_55957140","20_57697479"
"20_55957140","20_57719048"
"20_55957140","20_57727746"
"20_55957140","20_57740724"
"20_55957140","20_57741955"
"20_55957140","20_57742622"
"20_55957140","20_57745896"
"20_55957140","20_57748312"
"20_55957140","20_57752846"
"20_62186341","20_62507319"
"20_62186341","20_62521109"
"20_62186341","20_62574170"
"20_62186341","20_62590485"
"20_62186341","20_62615873"
"20_62186341","20_62717956"
"20_62360730","12_162677"
"20_62360730","12_163168"
"20_62360730","20_62159288"
"20_62360730","20_62160120"
"20_62360730","20_62207754"
"20_62360730","20_62212559"
"20_62360730","20_62216923"
"20_62360730","20_62229241"
"20_62360730","20_62342877"
"20_62360730","20_62357114"
"20_62360730","20_62409553"
"20_62360730","20_62415007"
"20_62360730","20_62496890"
"20_62360730","20_62507319"
"20_62360730","20_62514466"
"20_62360730","20_62521109"
"20_62360730","20_62552589"
"20_62360730","20_62560667"
"20_62360730","20_62566120"
"20_62360730","20_62590485"
"20_62360730","20_62615873"
"20_62360730","20_62634505"
"20_62360730","20_62683699"
"20_62424246","12_162677"
"20_62424246","20_62160120"
"20_62424246","20_62207754"
"20_62424246","20_62212559"
"20_62424246","20_62229241"
"20_62424246","20_62527571"
"21_30444293","21_26966037"
"21_30444293","21_27108802"
"21_30444293","21_27111085"
"21_30444293","21_27113242"
"21_30444293","21_27116471"
"21_30444293","21_27117322"
"21_30444293","21_27134174"
"21_30444293","21_30329596"
"21_30444293","21_30357205"
"21_30444293","21_30399972"
"21_30444293","21_30403684"
"21_30444293","21_30547782"
"21_30444293","21_30557483"
"21_30444293","21_30560475"
"21_30444293","21_30561908"
"21_30444293","21_30574761"
"21_30444293","21_30582991"
"21_30444293","21_30587282"
"21_30444293","21_30596815"
"21_30444293","21_30597869"
"21_30444293","21_30598254"
"21_30444293","21_30599478"
"21_30444293","21_30600194"
"21_30444293","21_30609331"
"21_30444293","21_30609562"
"21_30444293","21_30614140"
"21_30444293","21_30615561"
"21_30444293","21_30616485"
"21_30444293","21_30617145"
"21_30444293","21_30619220"
"21_30444293","21_30620125"
"21_30444293","21_30620484"
"21_30444293","21_30636206"
"21_30444293","21_30636993"
"21_30444293","21_30639475"
"21_30444293","21_30639717"
"21_30444293","21_30640692"
"21_30444293","21_30645842"
"21_30444293","21_30647186"
"21_30444293","21_30648554"
"21_30444293","21_30649844"
"21_30444293","21_30653515"
"21_30444293","21_30655268"
"21_30444293","21_30656865"
"21_30444293","21_30660219"
"21_30444293","21_30661415"
"21_30444293","21_30662539"
"21_30444293","21_30665161"
"21_30444293","21_30667393"
"21_30444293","21_30669050"
"21_30444293","21_30669518"
"21_30444293","21_30670517"
"21_30444293","21_30672474"
"21_30444293","21_30673609"
"21_30444293","21_30673849"
"21_30444293","21_30674122"
"21_30444293","21_30677477"
"21_30444293","21_30678427"
"21_30444293","21_30682007"
"21_30444293","21_30685031"
"21_30444293","21_30685817"
"21_30444293","21_30686368"
"21_30444293","21_30686736"
"21_30444293","21_30687621"
"21_30444293","21_30688672"
"21_30444293","21_30700601"
"21_30444293","21_30701884"
"21_30444293","21_30707891"
"21_30444293","21_30710618"
"21_30444293","21_30712594"
"21_30444293","21_30713043"
"21_30444293","21_30718803"
"21_30444293","21_30719151"
"21_30444293","21_30723163"
"21_30444293","21_30723650"
"21_30444293","21_30724064"
"21_30444293","21_30725697"
"21_30444293","21_30727176"
"21_30444293","21_30727358"
"21_30444293","21_30735398"
"21_30444293","21_30736820"
"21_30444293","21_30737015"
"21_30444293","21_30740306"
"21_30444293","21_30749174"
"21_30444293","21_30751029"
"21_30444293","21_30752503"
"21_30444293","21_30759140"
"21_30444293","21_30766192"
"21_30444293","21_30766599"
"21_30444293","21_30773084"
"21_30444293","21_30774077"
"21_30444293","21_30781039"
"21_30444293","21_30782168"
"21_30444293","21_30782758"
"21_30444293","21_30784796"
"21_30444293","21_30798865"
"21_30444293","21_30803068"
"21_30444293","21_30809904"
"21_30444293","21_30811754"
"21_30444293","21_30814017"
"21_30444293","21_30815276"
"21_30444293","21_30816207"
"21_30444293","21_30818040"
"21_30444293","21_30823566"
"21_30444293","21_30825339"
"21_30444293","21_30828334"
"21_30444293","21_30830792"
"21_30444293","21_30842141"
"21_30444293","21_30847795"
"21_30444293","21_30855765"
"21_30444293","21_31034418"
"21_30444293","21_31187318"
"21_30444293","21_31209133"
"21_30444293","21_31209938"
"21_30444293","21_31213631"
"21_30444293","21_31215955"
"21_30444293","21_31225290"
"21_30444293","21_31225515"
"21_30444293","21_32499639"
"21_30444293","21_32500651"
"21_30444293","21_32508382"
"21_30444293","21_32510306"
"21_30444293","21_32524976"
"22_50214277","22_50265067"
"22_50214277","22_50266877"
"22_50214277","22_50306035"
"22_50214277","22_50308809"
"22_50214277","22_50458356"
"22_50214277","22_50628733"
"22_50214277","22_51068644"
"3_176913576","3_176754712"
"3_176913576","3_176766375"
"3_176913576","3_176769425"
"3_176913576","3_176776005"
"3_176913576","3_176779706"
"3_176913576","3_176781537"
"3_176913576","3_176781845"
"3_176913576","3_176827666"
"3_176913576","3_177040534"
"3_176913576","3_177048823"
"3_176913576","3_177050402"
"3_176913576","3_177059471"
"3_176913576","3_177060568"
"3_176913576","3_177070448"
"3_176913576","3_177075049"
"3_176913576","3_177077587"
"3_176913576","3_177089935"
"3_176913576","3_177090487"
"3_176913576","3_177104462"
"3_176913576","3_177125599"
"3_176913576","3_177126588"
"3_176913576","3_177129069"
"3_176913576","3_177148553"
"3_176913576","3_177153504"
"3_176913576","3_177153689"
"3_176913576","3_177155687"
"3_176913576","3_177158129"
"3_176913576","3_177160192"
"3_176913576","3_177165520"
"3_176913576","3_177166758"
"3_176913576","3_177195618"
"3_176913576","3_177198771"
"3_176913576","3_177241498"
"3_176913576","3_177251900"
"3_176913576","3_177255468"
"3_176913576","3_177256800"
"3_176913576","3_177265272"
"3_176913576","3_177271812"
"3_176913576","3_177291692"
"3_176913576","3_177295472"
"3_176913576","3_177304235"
"3_176913576","3_177316275"
"3_176913576","3_177316655"
"3_176913576","3_177324600"
"3_176913576","3_177329537"
"3_176913576","3_177330915"
"3_176913576","3_177331934"
"3_176913576","3_177342997"
"3_176913576","3_177349809"
"3_176913576","3_177357609"
"3_176913576","3_177386844"
"3_176913576","3_177390822"
"3_176913576","3_177393946"
"3_176913576","3_177396221"
"3_176913576","3_177398267"
"3_176913576","3_177408576"
"3_176913576","3_177408871"
"3_176913576","3_177412005"
"3_176913576","3_177437797"
"3_176913576","3_177439661"
"3_176913576","3_177443803"
"3_176913576","3_177444932"
"3_176913576","3_177468311"
"3_176913576","3_177481502"
"3_176913576","3_177489604"
"3_176913576","3_177497122"
"3_176913576","3_177499039"
"3_176913576","3_177501252"
"3_176913576","3_177502062"
"3_176913576","3_177503100"
"3_176913576","3_177504294"
"3_176913576","3_177525993"
"3_176913576","3_177528595"
"3_176913576","3_177531340"
"3_176913576","3_177533385"
"3_176913576","3_177533658"
"3_176913576","3_177539621"
"3_176913576","3_177542209"
"3_176913576","3_177543152"
"3_176913576","3_177714282"
"3_176913576","3_177720301"
"3_176913576","3_177726089"
"3_176913576","3_177797066"
"3_176913576","3_177800559"
"3_176913576","3_177800719"
"3_176913576","3_177802420"
"3_176913576","3_177806213"
"3_176913576","3_177864631"
"3_176913576","3_177867395"
"3_176913576","3_177870095"
"3_176913576","3_177887608"
"3_176913576","3_177888549"
"3_176913576","3_177890998"
"3_176913576","3_177980134"
"3_176913576","3_177981285"
"3_176913576","3_178038747"
"3_176913576","3_178040033"
"3_176913576","3_178040511"
"3_176913576","3_178044128"
"3_176913576","3_178044734"
"3_176913576","3_178049023"
"3_176913576","3_178049400"
"3_176913576","3_178055393"
"3_176913576","3_178058207"
"3_176913576","3_178071376"
"3_176913576","3_178090590"
"3_176913576","3_178091244"
"3_176913576","3_178092761"
"3_176913576","3_178093894"
"3_176913576","3_178094236"
"3_176913576","3_178097732"
"3_176913576","3_178098923"
"3_176913576","3_178105640"
"3_176913576","3_178108031"
"3_176913576","3_178112276"
"3_184029363","3_127313235"
"3_184029363","3_128996357"
"3_184029363","3_183352771"
"3_184029363","3_183544031"
"3_184029363","3_183551745"
"3_184029363","3_183564376"
"3_184029363","3_183588923"
"3_184029363","3_183592484"
"3_184029363","3_183593633"
"3_184029363","3_183594530"
"3_184029363","3_183610825"
"3_184029363","3_183614605"
"3_184029363","3_183615063"
"3_184029363","3_183616118"
"3_184029363","3_183620433"
"3_184029363","3_183631061"
"3_184029363","3_183637082"
"3_184029363","3_183638804"
"3_184029363","3_183654686"
"3_184029363","3_183713192"
"3_184029363","3_183725921"
"3_184029363","3_183729356"
"3_184029363","3_183731412"
"3_184029363","3_183732343"
"3_184029363","3_183862947"
"3_184029363","3_183866525"
"3_184029363","3_183876155"
"3_184029363","3_183881605"
"3_184029363","3_183887526"
"3_184029363","3_183891464"
"3_184029363","3_183897397"
"3_184029363","3_184235217"
"3_184029363","3_184242800"
"3_184029363","3_184258057"
"3_184029363","3_184525407"
"5_60455031","5_60565535"
"5_60455031","5_60608154"
"5_60455031","5_60612892"
"5_60455031","5_60613060"
"5_60455031","5_60635356"
"5_60455031","5_60636004"
"5_60455031","5_60641689"
"5_60455031","5_60645461"
"5_60455031","5_60650093"
"5_60455031","5_60656249"
"5_60455031","5_60656595"
"5_60455031","5_60658364"
"5_60455031","5_60658541"
"5_60455031","5_60659374"
"5_60455031","5_60664722"
"5_60455031","5_60664982"
"5_60455031","5_60681217"
"5_60455031","5_60690607"
"5_60455031","5_60697637"
"5_60455031","5_60703647"
"5_60455031","5_60704239"
"5_60455031","5_60704612"
"5_60455031","5_60705878"
"5_60455031","5_60707241"
"5_60455031","5_60712126"
"5_60455031","5_60713704"
"5_60455031","5_60738385"
"5_60455031","5_60745561"
"5_60455031","5_60797977"
"5_60455031","5_60832378"
"5_60455031","5_60834175"
"5_60455031","5_60877023"
"5_60455031","5_60916256"
"5_60455031","5_60919934"
"5_60455031","5_60920527"
"5_60455031","5_60920847"
"5_60455031","5_60927904"
"5_60455031","5_60928083"
"5_60455031","5_60929232"
"5_60455031","5_60935823"
"5_60455031","5_60936583"
"5_60455031","5_60936940"
"5_60455031","5_60938656"
"5_60455031","5_60940148"
"5_60455031","5_60942108"
"5_60455031","5_60943338"
"5_60455031","5_60949682"
"5_60455031","5_60966016"
"5_60455031","5_61107930"
"5_60455031","5_61230222"
"5_60455031","5_61234092"
"5_60455031","5_61435653"
"5_138720525","5_137929645"
"6_31528654","6_31548102"
"6_31528654","6_31785890"
"6_31863610","6_31614982"
"6_31863610","6_31855314"
"6_34198389","6_33576769"
"6_34198389","6_34382200"
"6_34198389","6_34514907"
"6_34198389","6_34652692"
"6_34198389","6_35218279"
"6_149780240","6_148894919"
"6_149780240","6_149294163"
"6_149780240","6_149295378"
"6_149780240","6_149301767"
"6_149780240","6_149306643"
"6_149780240","6_149308678"
"6_149780240","6_149311695"
"6_149780240","6_149314967"
"6_149780240","6_149318563"
"6_149780240","6_149319378"
"6_149780240","6_149319665"
"6_149780240","6_149325819"
"6_149780240","6_149326690"
"6_149780240","6_149328249"
"6_149780240","6_149330211"
"6_149780240","6_149338168"
"6_149780240","6_149340602"
"6_149780240","6_149344911"
"6_149780240","6_149346516"
"6_149780240","6_149348433"
"6_149780240","6_149354191"
"6_149780240","6_149354480"
"6_149780240","6_149358865"
"6_149780240","6_149359980"
"6_149780240","6_149367009"
"6_149780240","6_149373864"
"6_149780240","6_149375019"
"6_149780240","6_149376985"
"6_149780240","6_149379223"
"6_149780240","6_149383268"
"6_149780240","6_149387855"
"6_149780240","6_149394978"
"6_149780240","6_149398263"
"6_149780240","6_149404497"
"6_149780240","6_149407594"
"6_149780240","6_149411010"
"6_149780240","6_149411223"
"6_149780240","6_149415027"
"6_149780240","6_149416799"
"6_149780240","6_149419949"
"6_149780240","6_149424455"
"6_149780240","6_149444471"
"6_149780240","6_149445031"
"6_149780240","6_149448063"
"6_149780240","6_149454066"
"6_149780240","6_149469833"
"6_149780240","6_149476124"
"6_149780240","6_149480163"
"6_149780240","6_149480338"
"6_149780240","6_149484963"
"6_149780240","6_149492660"
"6_149780240","6_149493061"
"6_149780240","6_149496483"
"6_149780240","6_149510184"
"6_149780240","6_149516902"
"6_149780240","6_149521830"
"6_149780240","6_149530702"
"6_149780240","6_149540325"
"6_149780240","6_149559069"
"6_149780240","6_149840194"
"6_149780240","6_149843206"
"6_149780240","6_149853686"
"7_1542034","22_23765880"
"7_1542034","7_1273874"
"7_1542034","7_2230045"
"7_1542034","7_2234758"
"7_1542034","7_2247752"
"7_1542034","7_2377539"
"7_1542034","7_2400063"
"7_1542034","7_2402348"
"7_1542034","7_2405531"
"7_1542034","7_2410182"
"7_1542034","7_2446413"
"7_74054690","7_73832451"
"7_74054690","7_73853811"
"7_74054690","7_74028748"
"7_74054690","7_74042649"
"7_74054690","7_74043056"
"8_56812601","8_48242442"
"8_56812601","8_48289631"
"8_56812601","8_48354644"
"8_56812601","8_48504199"
"8_56812601","8_48551650"
"8_56812601","8_48737315"
"8_56812601","8_52779375"
"8_56812601","8_54746766"
"8_56812601","8_54765523"
"8_56812601","8_54773723"
"8_56812601","8_54828097"
"8_56812601","8_54909119"
"8_56812601","8_54914165"
"8_56812601","8_54925422"
"8_56812601","8_54976153"
"8_56812601","8_54992480"
"8_56812601","8_55012717"
"8_56812601","8_55055157"
"8_56812601","8_55057025"
"8_56812601","8_55065560"
"8_56812601","8_55068457"
"8_56812601","8_55074893"
"8_56812601","8_55075805"
"8_56812601","8_55165950"
"8_56812601","8_56437213"
"8_56812601","8_56648926"
"8_56812601","8_56649641"
"8_56812601","8_56652883"
"8_56812601","8_56659257"
"8_56812601","8_56660666"
"8_56812601","8_56663488"
"8_56812601","8_56663884"
"8_56812601","8_56668701"
"8_56812601","8_56669359"
"8_56812601","8_56672593"
"8_56812601","8_56676805"
"8_56812601","8_56677906"
"8_56812601","8_56695209"
"8_56812601","8_56695665"
"8_56812601","8_56701738"
"8_56812601","8_56708596"
"8_56812601","8_56708796"
"8_56812601","8_56710047"
"8_56812601","8_56711334"
"8_56812601","8_56714812"
"8_56812601","8_56717350"
"8_56812601","8_56719847"
"8_56812601","8_56736756"
"8_56812601","8_56738908"
"8_56812601","8_56743285"
"8_56812601","8_56745208"
"8_56812601","8_56753429"
"8_56812601","8_56760945"
"8_56812601","8_56761356"
"8_56812601","8_56762014"
"8_56812601","8_56765576"
"8_56812601","8_56766700"
"8_56812601","8_56769582"
"8_56812601","8_56771352"
"8_56812601","8_56779719"
"8_56812601","8_56794020"
"8_56812601","8_56798016"
"8_56812601","8_56798248"
"8_56812601","8_56822695"
"8_56812601","8_56823301"
"8_56812601","8_56837383"
"8_56812601","8_56838686"
"8_56812601","8_56842160"
"8_56812601","8_56842800"
"8_56812601","8_56851241"
"8_56812601","8_56854065"
"8_56812601","8_56864527"
"8_56812601","8_56865763"
"8_56812601","8_56875419"
"8_56812601","8_56881107"
"8_56812601","8_56884291"
"8_56812601","8_56888483"
"8_56812601","8_56888638"
"8_56812601","8_56896853"
"8_56812601","8_56899262"
"8_56812601","8_56902877"
"8_56812601","8_56905233"
"8_56812601","8_56906443"
"8_56812601","8_56917938"
"8_56812601","8_56919664"
"8_56812601","8_56922348"
"8_56812601","8_56923946"
"8_56812601","8_56924988"
"8_56812601","8_56928041"
"8_56812601","8_56929389"
"8_56812601","8_56932995"
"8_56812601","8_56936525"
"8_56812601","8_56939219"
"8_56812601","8_56942120"
"8_56812601","8_56948149"
"8_56812601","8_56962005"
"8_56812601","8_56962766"
"8_56812601","8_56966771"
"8_56812601","8_56972947"
"8_56812601","8_56977212"
"8_56812601","8_57002534"
"8_56812601","8_57004972"
"8_56812601","8_57005956"
"8_56812601","8_57007023"
"8_56812601","8_57010399"
"8_56812601","8_57011365"
"8_56812601","8_57029493"
"8_56812601","8_57041537"
"8_56812601","8_57102263"
"8_56812601","8_57107717"
"8_56812601","8_57125722"
"8_56812601","8_57127692"
"8_56812601","8_57127922"
"8_56812601","8_57141885"
"8_56812601","8_57478619"
"8_56812601","8_57482121"
"8_56812601","8_57902685"
"8_56812601","8_57903909"
"8_56812601","8_57906784"
"8_56812601","8_59041546"
"8_56812601","8_59257091"
"8_56812601","8_59272871"
"8_56812601","8_59292607"
"8_56812601","8_59335373"
"8_56812601","8_59362402"
"8_56812601","8_59453247"
"8_56812601","8_59473863"
"8_56812601","8_59481177"
"8_56812601","8_59482505"
"8_56812601","8_59484304"
"8_56812601","8_59484932"
"8_56812601","8_59486072"
"8_56812601","8_59491337"
"8_56812601","8_59512005"
"8_56812601","8_59527176"
"8_56812601","8_59531392"
"8_56812601","8_59544043"
"8_56812601","8_59544738"
"8_56812601","8_59556671"
"8_56812601","8_59559886"
"8_56812601","8_59561304"
"8_56812601","8_61431433"
"8_56812601","8_61437569"
"8_56812601","8_61478732"
"8_56812601","8_61491390"
"8_56812601","8_61559370"
"8_56812601","8_61564045"
"8_56812601","8_61578264"
"8_56812601","8_61612856"
"8_56812601","8_61655748"
"8_56812601","8_61677369"
"8_56812601","8_61681961"
"8_56812601","8_61688993"
"8_56812601","8_61700281"
"8_56812601","8_61706977"
"8_56812601","8_61710806"
"8_56812601","8_61743628"
"8_56812601","8_61745854"
"8_56812601","8_61747758"
"8_56812601","8_61757556"
"8_56812601","8_61785754"
"8_56812601","8_61787719"
"8_56812601","8_61796752"
"8_56812601","8_61799677"
"8_56812601","8_61807454"
"8_56812601","8_61809786"
"8_56812601","8_61816913"
"8_56812601","8_61825119"
"8_56812601","8_61825829"
"8_56812601","8_61899347"
"8_56812601","8_61917379"
"8_56812601","8_61920783"
"8_56812601","8_62609438"
"8_56812601","8_62641102"
"8_56812601","8_62646705"
"8_56812601","8_66705072"
"8_56812601","8_66755210"
"8_56812601","8_67696946"
"8_56812601","8_68162422"
"8_56812601","8_68186544"
"8_56812601","8_68205202"
"8_56812601","8_68256924"
"8_56812601","8_68327426"
"8_131024598","8_126101025"
"8_131024598","8_127835148"
"8_131024598","8_127897478"
"8_131024598","8_128990051"
"8_131024598","8_130796508"
"8_131024598","8_130816397"
"8_131024598","8_130819126"
"8_131024598","8_130819969"
"8_131024598","8_130826173"
"8_131024598","8_130826965"
"8_131024598","8_130845131"
"8_131024598","8_130846943"
"8_131024598","8_130847505"
"8_131024598","8_130847845"
"8_131024598","8_130847998"
"8_131024598","8_130855315"
"8_131024598","8_130860538"
"8_131024598","8_130866839"
"8_131024598","8_130868519"
"8_131024598","8_130874345"
"8_131024598","8_130876374"
"8_131024598","8_130881714"
"8_131024598","8_130885591"
"8_131024598","8_130886306"
"8_131024598","8_130886498"
"8_131024598","8_130889282"
"8_131024598","8_130890926"
"8_131024598","8_130893785"
"8_131024598","8_130894263"
"8_131024598","8_130897344"
"8_131024598","8_130905359"
"8_131024598","8_130905704"
"8_131024598","8_130913422"
"8_131024598","8_130917817"
"8_131024598","8_130921629"
"8_131024598","8_130924434"
"8_131024598","8_130925602"
"8_131024598","8_130928264"
"8_131024598","8_130939012"
"8_131024598","8_130950488"
"8_131024598","8_130953875"
"8_131024598","8_130954854"
"8_131024598","8_130960245"
"8_131024598","8_130965153"
"8_131024598","8_130966272"
"8_131024598","8_130971359"
"8_131024598","8_130973265"
"8_131024598","8_130977458"
"8_131024598","8_130981031"
"8_131024598","8_130986189"
"8_131024598","8_130986647"
"8_131024598","8_130994002"
"8_131024598","8_131000608"
"8_131024598","8_131003776"
"8_131024598","8_131020632"
"8_131024598","8_131053096"
"8_131024598","8_131074683"
"8_131024598","8_131081927"
"8_131024598","8_131082150"
"8_131024598","8_131084372"
"8_131024598","8_131085939"
"8_131024598","8_131101147"
"8_131024598","8_131103214"
"8_131024598","8_131106083"
"8_131024598","8_131108822"
"8_131024598","8_131113073"
"8_131024598","8_131114437"
"8_131024598","8_131117873"
"8_131024598","8_131118495"
"8_131024598","8_131132762"
"8_131024598","8_131214462"
"8_131024598","8_131305389"
"8_131024598","8_131317673"
"8_131024598","8_131323110"
"8_131024598","8_131326407"
"8_131024598","8_131328598"
"8_131024598","8_131329058"
"8_131024598","8_131339625"
"8_131024598","8_131341584"
"8_131024598","8_131346826"
"8_131024598","8_131353078"
"8_131024598","8_131363634"
"8_131024598","8_131369094"
"8_131024598","8_131372382"
"8_131024598","8_131372958"
"8_131024598","8_131376695"
"8_131024598","8_131376892"
"8_131024598","8_131378628"
"8_131024598","8_131452806"
"8_131024598","8_131464434"
"8_131024598","8_132919210"
"8_133772610","8_27216158"
"8_133772610","8_126116621"
"8_133772610","8_133679136"
"8_133772610","8_133688386"
"8_133772610","8_133781454"
"8_133772610","8_133783218"
"8_133772610","8_133822803"
"8_133772610","8_134051863"
"8_133772610","8_134052637"
"8_133772610","8_134055521"
"8_133772610","8_134061767"
"8_133772610","8_134064941"
"8_133772610","8_134068858"
"8_133772610","8_134069108"
"8_133772610","8_134079146"
"8_133772610","8_134087459"
"8_133772610","8_134089439"
"8_133772610","8_134091995"
"8_133772610","8_134107182"
"8_133772610","8_134142221"
"8_133772610","8_134144975"
"8_133772610","8_134150055"
"8_133772610","8_134165457"
"8_133772610","8_134211321"
"8_133772610","8_134221843"
"8_133772610","8_134223232"
"8_133772610","8_134228150"
"8_133772610","8_134233453"
"8_133772610","8_134238984"
"8_133772610","8_134281864"
"8_133772610","8_134293094"
"8_133772610","8_134295587"
"8_133772610","8_134297019"
"8_133772610","8_134299084"
"8_133772610","8_134315320"
"8_133772610","8_134317808"
"8_133772610","8_134319881"
"8_133772610","8_134320682"
"8_133772610","8_134450650"
"8_133772610","8_134456369"
"8_133772610","8_134458351"
"8_133772610","8_134459400"
"8_133772610","8_134459790"
"8_133772610","8_134464639"
"8_133772610","8_134470486"
"8_133772610","8_134471689"
"8_133772610","8_134476818"
"8_133772610","8_134488587"
"8_133772610","8_134490569"
"8_133772610","8_134495716"
"8_133772610","8_134497651"
"8_133772610","8_134511645"
"8_133772610","8_134521045"
"8_133772610","8_134522620"
"8_133772610","8_134528557"
"8_133772610","8_134529503"
"8_133772610","8_134534421"
"8_133772610","8_134536445"
"8_133772610","8_134537464"
"8_133772610","8_134549560"
"8_133772610","8_134557587"
"8_133772610","8_134570346"
"8_133772610","8_134571656"
"8_133772610","8_134580115"
"8_133772610","8_134590501"
"8_133772610","8_135332473"
"8_133772610","8_135696276"
"8_133772610","8_135713197"
"8_133772610","8_135718554"
"8_133772610","8_135732662"
"8_133772610","8_135820235"
"8_133772610","8_135830901"
"8_133772610","8_135832342"
"8_133772610","8_135833253"
"8_133772610","8_135838617"
"8_133772610","8_135843342"
"8_133772610","8_135843886"
"8_133772610","8_135847630"
"8_133772610","8_135848685"
"8_133772610","8_135848958"
"9_95815702","9_95590547"
"9_95815702","9_95606886"
"9_95815702","9_95609893"
"9_95815702","9_95613320"
"9_95815702","9_95614025"
"9_95815702","9_95618802"
"9_95815702","9_95623282"
"9_95815702","9_95624744"
"9_95815702","9_95648864"
"9_95815702","9_95689707"
"9_95815702","9_95691091"
"9_95815702","9_95693106"
"9_95815702","9_95705542"
"9_95815702","9_95705849"
"9_95815702","9_95715114"
"9_95815702","9_95720962"
"9_95815702","9_95727203"
"9_95815702","9_95747385"
"9_95815702","9_95761115"
"9_95815702","9_95764774"
"9_95815702","9_95765223"
"9_95815702","9_95768067"
"9_95815702","9_95769722"
"9_95815702","9_95780695"
"9_95815702","9_95780971"
"9_95815702","9_95782148"
"9_95815702","9_95786531"
"9_95815702","9_95790590"
"9_95815702","9_95790847"
"9_95815702","9_95796010"
"9_95815702","9_95801930"
"9_95815702","9_95860030"
"9_95815702","9_95865499"
"9_95815702","9_95867987"
"9_95815702","9_95869349"
"9_95815702","9_95886485"
"9_95815702","9_95903241"
"9_95815702","9_95912459"
"9_95815702","9_96038475"
"9_95815702","9_96043066"
"9_95815702","9_96046473"
"9_95815702","9_96052601"
"9_95815702","9_96056889"
"9_95815702","9_96063515"
"9_95815702","9_96216507"
"9_95815702","9_96216798"
"9_95815702","9_96219316"
"9_95815702","9_96222196"
"9_95815702","9_96225671"
"9_95815702","9_96225849"
"9_95815702","9_96227400"
"9_95815702","9_96236688"
"9_95815702","9_96239042"
"9_95815702","9_96240591"
"9_95815702","9_96241788"
"9_95815702","9_96256414"
"9_95815702","9_96258212"
"9_95815702","9_96275925"
"9_95815702","9_96282117"
"9_95815702","9_96303670"
"9_95815702","9_96314568"
"9_95815702","9_96322706"
"9_95815702","9_96327254"
"9_95815702","9_96343503"
"9_100745219","9_100399785"
"9_100745219","9_100400698"
"9_100745219","9_100402027"
"9_100745219","9_100408604"
"9_100745219","9_100413212"
"9_100745219","9_100416728"
"9_100745219","9_100422070"
"9_100745219","9_100423059"
"9_100745219","9_100427156"
"9_100745219","9_100436496"
"9_100745219","9_100437941"
"9_100745219","9_100449520"
"9_100745219","9_100451636"
"9_100745219","9_100461207"
"9_100745219","9_100467923"
"9_100745219","9_100641333"
"9_100745219","9_100643726"
"9_100745219","9_100646677"
"9_100745219","9_100648053"
"9_100745219","9_100654998"
"9_100745219","9_100664052"
"9_100745219","9_100665034"
"9_100745219","9_100669373"
"9_100745219","9_100684916"
"9_100745219","9_100686650"
"9_100745219","9_100688380"
"9_100745219","9_100691987"
"9_100745219","9_100697367"
"9_100745219","9_100756491"
"9_100745219","9_100759725"
"9_100745219","9_100760444"
"9_100745219","9_100761709"
"9_100745219","9_100768847"
"9_100745219","9_100774360"
"9_100745219","9_100777909"
"9_100745219","9_100778067"
"9_100745219","9_100779664"
"9_100745219","9_100816151"
"9_100745219","9_100837325"
"9_100745219","9_100862589"
"9_100745219","9_100884884"
"9_100745219","9_100955959"
"9_100745219","9_100964333"
"9_100745219","9_100975586"
"9_100745219","9_100987188"
"9_100745219","9_100990382"
"9_100745219","9_100992098"
"9_100745219","9_100994986"
"9_100745219","9_100996069"
"9_100745219","9_101004137"
"9_100745219","9_101004933"
"9_100745219","9_101024862"
"9_100745219","9_101026634"
"9_100745219","9_101037920"
"1_12566709","1_12441329"
"1_12627258","1_12441329"
"1_12673527","1_12441329"
"1_12700924","1_12441329"
"1_24505108","1_24857768"
"1_24742131","1_24857768"
"1_24742861","1_24857768"
"1_24828117","1_24857768"
"1_155819269","1_156025679"
"1_155878379","1_156025679"
"1_155887793","1_156025679"
"1_155895449","1_156025679"
"1_155903675","1_156025679"
"1_156159422","1_156025679"
"1_156252139","1_156025679"
"1_156696068","1_156025679"
"1_156707018","1_156025679"
"1_156715900","1_156025679"
"1_156736011","1_156025679"
"1_157745093","1_157663286"
"1_157788282","1_157663286"
"1_198125236","1_198632651"
"1_198501177","1_198632651"
"1_223314392","1_223898361"
"1_224032489","1_223898361"
"1_224510175","1_223898361"
"1_224543448","1_223898361"
"1_224617641","1_223898361"
"1_226856125","1_226897582"
"10_3805190","10_3247551"
"10_4827581","10_3247551"
"10_11138873","10_11382398"
"10_12288804","10_12642369"
"10_12385400","10_12642369"
"10_18947403","10_22723069"
"10_21781245","10_22723069"
"10_21813815","10_22723069"
"10_21818074","10_22723069"
"10_22290008","10_22723069"
"10_22604011","10_22723069"
"10_22632573","10_22723069"
"10_134206302","10_134398395"
"10_134350253","10_134398395"
"11_295655","11_612421"
"11_565318","11_612421"
"11_631027","11_612421"
"11_3860032","11_6428587"
"11_6410655","11_6428587"
"11_6462980","11_6428587"
"11_6501118","11_6428587"
"11_6621582","11_6428587"
"11_6625417","11_6428587"
"11_6628173","11_6428587"
"11_6639397","11_6428587"
"11_6641097","11_6428587"
"11_6674277","11_6428587"
"11_6692334","11_6428587"
"11_68666738","11_68861120"
"11_69449031","11_68861120"
"11_69486383","11_68861120"
"11_133825146","11_133926760"
"11_133938226","11_133926760"
"11_134040846","11_133926760"
"11_134090389","11_133926760"
"11_134121555","11_133926760"
"11_134140117","11_133926760"
"11_134198546","11_133926760"
"12_6444218","12_6741804"
"12_6553533","12_6741804"
"12_6558665","12_6741804"
"12_6575196","12_6741804"
"12_6602233","12_6741804"
"12_6641136","12_6741804"
"12_6658619","12_6741804"
"12_6666582","12_6741804"
"12_6685050","12_6741804"
"12_6749804","12_6741804"
"12_6754441","12_6741804"
"12_6771399","12_6741804"
"12_6782757","12_6741804"
"12_6801801","12_6741804"
"12_6831898","12_6741804"
"12_6874349","12_6741804"
"12_6875081","12_6741804"
"12_6895382","12_6741804"
"12_6921878","12_6741804"
"12_6943615","12_6741804"
"12_6956172","12_6741804"
"12_6965724","12_6741804"
"12_7041470","12_6741804"
"12_7053124","12_6741804"
"12_7063703","12_6741804"
"12_7078398","12_6741804"
"12_7276374","12_6741804"
"12_57868429","12_6741804"
"12_64995195","12_66622185"
"12_65013228","12_66622185"
"12_66522874","12_66622185"
"12_66563076","12_66622185"
"12_66582658","12_66622185"
"12_66690971","12_66622185"
"12_67656279","12_66622185"
"12_70121150","12_70761382"
"12_70633189","12_70761382"
"12_72028600","12_70761382"
"12_72056566","12_70761382"
"12_72058538","12_70761382"
"12_72146912","12_70761382"
"12_72232054","12_70761382"
"12_89741722","12_89636796"
"12_89917112","12_89636796"
"12_110432839","12_110907037"
"12_110933755","12_110907037"
"12_110938613","12_110907037"
"12_111018469","12_110907037"
"12_111048138","12_110907037"
"12_111066104","12_110907037"
"12_111142753","12_110907037"
"12_116585001","12_117038448"
"12_116614011","12_117038448"
"12_116714223","12_117038448"
"12_132626183","12_133131600"
"12_133061309","12_132996533"
"12_133327359","12_133343390"
"12_133482695","12_133343390"
"12_133531983","12_133343390"
"12_133706248","12_133343390"
"13_29230456","13_29099102"
"13_30851026","13_31421583"
"13_30879527","13_31421583"
"13_48795768","13_49100201"
"13_99912404","13_99862289"
"13_99959121","13_99862289"
"13_100004875","13_99862289"
"13_100152861","13_99862289"
"13_100245710","13_99862289"
"13_115077766","21_47877580"
"14_65873666","14_65671129"
"14_71772895","14_71596668"
"14_71861882","14_71596668"
"14_103239904","14_103411696"
"15_90217180","15_90638587"
"15_90287776","15_90638587"
"15_90319321","15_90638587"
"15_90419917","15_90638587"
"15_90801990","15_90638587"
"15_91257963","15_90638587"
"15_91475552","15_90638587"
"15_91538207","15_90638587"
"15_99996534","15_100047233"
"16_4445063","16_4713900"
"16_4816976","16_4713900"
"16_4896332","16_4713900"
"16_19175423","16_19128047"
"16_19502629","16_19128047"
"16_19560384","16_19128047"
"16_85054307","16_85064711"
"16_85831379","16_85979034"
"16_85831379","16_86011237"
"16_85928199","16_85979034"
"16_85928199","16_86011237"
"16_89506055","16_89467849"
"16_89574066","16_89467849"
"17_1542305","17_1686031"
"17_1595321","17_1686031"
"17_1617249","17_1686031"
"17_1636547","17_1686031"
"17_1930547","17_1564482"
"17_74067924","17_74264378"
"17_74097321","17_74264378"
"17_74130236","17_74264378"
"17_74703163","17_74562118"
"17_75420227","17_75315270"
"17_75437247","17_75315270"
"17_75998824","17_75315270"
"17_78388411","17_78734409"
"18_60848888","18_60897264"
"18_60982875","18_60897264"
"18_74205983","18_74822034"
"18_74835328","18_74822034"
"18_77153598","18_77585626"
"19_8448030","19_8568726"
"2_7056902","2_7568575"
"2_7771720","2_7568575"
"2_8815511","2_7568575"
"2_8821099","2_7568575"
"2_9118455","2_7568575"
"2_23600229","2_23748788"
"2_37383293","2_38042025"
"2_37550327","2_38042025"
"2_37557925","2_38042025"
"2_37826702","2_38042025"
"2_98960936","2_98375773"
"2_98968858","2_98375773"
"2_99223635","2_98375773"
"2_106471337","2_106241927"
"2_106673476","2_106241927"
"2_240319726","2_240152502"
"2_240962169","2_240152502"
"21_34599369","21_34769608"
"21_34618186","21_34769608"
"21_48054768","21_47877580"
"3_39148081","3_39308592"
"3_39187520","3_39308592"
"3_39233591","3_39308592"
"3_93780765","3_119178890"
"3_98240929","3_119178890"
"3_118943842","3_119178890"
"3_118948999","3_119178890"
"3_119011485","3_119178890"
"3_119038923","3_119178890"
"3_119060129","3_119178890"
"3_119215046","3_119178890"
"3_119379574","3_119178890"
"3_119420374","3_119178890"
"3_119810049","3_119178890"
"3_120067484","3_119178890"
"3_120314666","3_119178890"
"3_120459732","3_119178890"
"3_121374578","3_119178890"
"3_122134503","3_119178890"
"3_131221115","3_119178890"
"3_134201514","3_119178890"
"3_135913712","3_119178890"
"3_178863488","3_119178890"
"3_194812046","3_194408301"
"3_194864153","3_194408301"
"3_194977828","3_194408301"
"3_195162417","3_194408301"
"3_195249742","3_194408301"
"3_195269445","3_194408301"
"3_195799613","3_195943609"
"3_195807776","3_195943609"
"3_196229776","3_195943609"
"3_196241199","3_195943609"
"4_24583657","4_24974607"
"4_24796081","4_24974607"
"5_39072805","5_40436906"
"5_39271312","5_40436906"
"5_40268202","5_40436906"
"5_40678180","5_40436906"
"5_40754856","5_40436906"
"5_40835353","5_40436906"
"5_176556443","5_176731590"
"5_176805703","5_176731590"
"5_176826407","5_176731590"
"5_176937470","5_176731590"
"5_176942492","5_176731590"
"6_17596647","6_17696660"
"6_18122212","6_17696660"
"6_18154576","6_17696660"
"6_32935690","6_32905107"
"6_74202227","6_74281647"
"6_74228212","6_74281647"
"6_75992327","6_74281647"
"7_2551395","7_2771733"
"7_2590223","7_2771733"
"7_4727722","7_2771733"
"7_5464933","7_2771733"
"7_35075504","7_35718686"
"7_35837238","7_35718686"
"7_130738678","7_130644170"
"7_130793408","7_130644170"
"7_131010766","7_130644170"
"7_157127770","7_157087573"
"8_19611853","8_19532177"
"8_20035451","8_19532177"
"8_22472817","8_22671634"
"8_22525429","8_22671634"
"8_22731675","8_22671634"
"8_81396974","8_82019440"
"8_141517849","8_141571842"
