"cpgs","WT","Mut","CHR","MAPINFO","UCSC_RefGene_Name","Relation_to_UCSC_CpG_Island","UCSC_RefGene_Group"
"cg00012238",0.296305333222923,0.661278170447048,"18",21718458,"CABYR;CABYR;CABYR;CABYR;CABYR;CABYR","N_Shore","TSS1500;TSS1500;TSS1500;TSS1500;TSS1500;TSS1500"
"cg00034755",0.379919361707639,0.707451821812805,"22",50918361,"","N_Shore",""
"cg00049664",0.230795287344247,0.60013939004945,"16",66613334,"CMTM2","Island","TSS200"
"cg00058449",0.42552881063051,0.87511465927602,"6",31867956,"ZBTB12","Island","Body"
"cg00073460",0.308685104983112,0.783794284688205,"6",149806502,"ZC3H12D","","TSS1500"
"cg00093433",0.281329235154177,0.700901673660523,"16",85981310,"","N_Shore",""
"cg00123104",0.333944956401603,0.658428309018021,"1",9884732,"CLSTN1;CLSTN1","S_Shore","TSS200;TSS200"
"cg00126698",0.390897124285658,0.741564818951067,"X",100640503,"BTK","","5'UTR"
"cg00161791",0.355597072237972,0.655943325003753,"21",45575014,"","N_Shore",""
"cg00164282",0.342049158145039,0.718555242408522,"17",30830732,"MYO1D","","Body"
"cg00204512",0.281020495271721,0.674641080685989,"16",28754710,"","N_Shelf",""
"cg00206490",0.392347041085387,0.800231398200118,"16",89469729,"ANKRD11","","5'UTR"
"cg00249511",0.296224004041301,0.634062351590392,"11",627152,"SCT;SCT","Island","5'UTR;1stExon"
"cg00281776",0.432292298394084,0.837261065305809,"2",209224225,"","N_Shore",""
"cg00289503",0.275721218212991,0.6506337215339,"20",61470028,"COL9A3","N_Shore","Body"
"cg00328227",0.329226037735574,0.692421956441945,"1",109204325,"C1orf59;C1orf59","Island","TSS200;TSS1500"
"cg00422488",0.183019638412634,0.596976622733151,"9",100747767,"ANP32B","Island","Body"
"cg00444740",0.270682485187051,0.617939444890923,"8",129162178,"MIR1208","","TSS200"
"cg00446123",0.233269596880813,0.696171261557214,"20",62367888,"LIME1","N_Shore","TSS200"
"cg00469897",0.415935769948967,0.779484851215342,"7",47611829,"","",""
"cg00490406",0.391145908308809,0.787464610333756,"1",159046773,"AIM2","","TSS200"
"cg00505606",0.351959518498239,0.655460501049265,"1",3620638,"TP73;TP73;TP73;TP73","N_Shelf","Body;Body;Body;Body"
"cg00534022",0.320578725590878,0.649853764358306,"2",8686087,"","",""
"cg00546897",0.366562035127125,0.703321069466494,"21",45232232,"LOC284837","","Body"
"cg00551609",0.350546466088437,0.654414210903713,"2",74214662,"","S_Shelf",""
"cg00554993",0.386557285730815,0.700936314346167,"14",23588616,"CEBPE","","TSS200"
"cg00576550",0.355014641068328,0.671347775472757,"3",183749212,"HTR3D;HTR3D;HTR3D","","TSS1500;TSS1500;TSS200"
"cg00628277",0.321112579535063,0.661857038720064,"17",80875739,"TBCD","","Body"
"cg00650809",0.243652167769643,0.611675318407597,"19",17439339,"ANO8","Island","Body"
"cg00661399",0.414497917787961,0.784409028785015,"6",32049177,"TNXB","S_Shelf","Body"
"cg00668150",0.412756998246117,0.77704445161965,"17",2615720,"KIAA0664","S_Shore","TSS1500"
"cg00677574",0.216221599600936,0.591070459206983,"17",43221327,"ACBD4;ACBD4;ACBD4;ACBD4","N_Shore","3'UTR;3'UTR;3'UTR;3'UTR"
"cg00697658",0.308086794959785,0.789178631946831,"8",145808575,"KIAA1688","S_Shore","Body"
"cg00698575",0.375706025377066,0.742392732125712,"9",140388604,"PNPLA7;PNPLA7","N_Shore","Body;Body"
"cg00699986",0.298909269052836,0.688158457620929,"20",25057444,"VSX1","N_Shore","Body"
"cg00700039",0.379504318275038,0.775040599394521,"18",2659555,"SMCHD1","S_Shelf","Body"
"cg00715696",0.313321749783913,0.674563257129286,"16",85660534,"KIAA0182;KIAA0182","S_Shore","5'UTR;Body"
"cg00719668",0.196579554413757,0.582765478030057,"20",34541013,"","N_Shore",""
"cg00719771",0.366084777356291,0.670011467907552,"6",23523214,"","",""
"cg00764796",0.202201537109408,0.589337626284505,"16",433504,"LOC100134368","S_Shore","Body"
"cg00767069",0.375928230173143,0.712138427685314,"16",9221944,"","",""
"cg00820311",0.373493111277616,0.716580741943555,"16",921351,"LMF1","N_Shore","Body"
"cg00828556",0.289372089020924,0.669621553638318,"3",196351986,"","",""
"cg00901138",0.343709346894798,0.717918726869989,"7",29329370,"CHN2","","Body"
"cg00942920",0.244981624255967,0.702186393510643,"1",203734559,"LAX1;LAX1;LAX1","","Body;1stExon;5'UTR"
"cg00951395",0.348882198604325,0.649563673924905,"1",232941775,"KIAA1383","S_Shore","1stExon"
"cg01015663",0.290303331812635,0.715828365301613,"1",23729692,"TCEA3","","Body"
"cg01091514",0.384828076017034,0.708349514990816,"4",184644613,"","S_Shore",""
"cg01110765",0.368773617607531,0.700022962494613,"X",40016611,"BCOR;BCOR","N_Shore","5'UTR;5'UTR"
"cg01117339",0.318222900012774,0.653067874503633,"11",73737124,"","",""
"cg01156249",0.294876733885385,0.775382496288839,"16",4714794,"MGRN1;MGRN1;MGRN1;MGRN1","","Body;Body;Body;Body"
"cg01174743",0.221394545852926,0.610289331024064,"6",157932074,"ZDHHC14;ZDHHC14","","Body;Body"
"cg01176433",0.286579939785397,0.651653234787713,"15",69754714,"","",""
"cg01207684",0.338398729540471,0.749730099812701,"16",4103167,"ADCY9","","Body"
"cg01219924",0.361494694571,0.76167589573284,"17",79004947,"FLJ90757","N_Shore","Body"
"cg01231183",0.248212341970878,0.622935624495134,"17",79924542,"","S_Shelf",""
"cg01363734",0.287381175797467,0.630693724897153,"12",117482953,"TESC;TESC;TESC","N_Shore","Body;Body;Body"
"cg01374870",0.381930827293938,0.795530243542906,"6",32905127,"HLA-DMB","","Body"
"cg01447475",0.331198192526653,0.682881646085054,"2",30510887,"","",""
"cg01458054",0.430831184007069,0.861653661753781,"20",62200603,"PRIC285;PRIC285","N_Shore","Body;TSS1500"
"cg01543603",0.315650641377155,0.692645777153916,"16",89469541,"ANKRD11","","5'UTR"
"cg01548777",0.386515561484733,0.833366877230604,"20",62433998,"ZBTB46","Island","5'UTR"
"cg01561304",0.359899408795375,0.761698146778483,"5",177913485,"COL23A1","","Body"
"cg01569083",0.236455601026582,0.624620602668718,"6",31543289,"TNF","","TSS200"
"cg01612140",0.269253124917134,0.609174944322968,"6",78166436,"","",""
"cg01617071",0.297213040344524,0.62026124202842,"7",964629,"ADAP1","N_Shore","Body"
"cg01636650",0.286072966538673,0.681354407487598,"3",38040315,"VILL","Island","Body"
"cg01646665",0.275922570524476,0.629356900516173,"1",156251436,"TMEM79;SMG5","","TSS1500;Body"
"cg01688936",0.382191209196249,0.722163652829183,"16",30770794,"C16orf93","N_Shore","Body"
"cg01701649",0.327303497239995,0.667659959702802,"16",48589954,"N4BP1","","Body"
"cg01704474",0.369810295181014,0.697955575485467,"11",504918,"RNH1;RNH1;RNH1;RNH1;RNH1;RNH1;RNH1;RNH1","N_Shore","5'UTR;5'UTR;5'UTR;5'UTR;5'UTR;5'UTR;5'UTR;5'UTR"
"cg01711344",0.376502852525576,0.722126322574992,"11",67770404,"UNC93B1","N_Shore","Body"
"cg01719995",0.281231612580968,0.6347517983634,"4",144104893,"USP38","N_Shore","TSS1500"
"cg01742370",0.385820180393736,0.816678534314823,"1",228352412,"C1orf69","N_Shore","TSS1500"
"cg01862311",0.33400603329997,0.73196026984973,"8",26308815,"","S_Shore",""
"cg01883155",0.223383919477232,0.720926761728703,"17",74565009,"ST6GALNAC2","","Body"
"cg01889010",0.292858843340143,0.609071712740243,"2",242785524,"","N_Shore",""
"cg01919885",0.359099317006562,0.701177824306981,"4",3365330,"RGS12;RGS12","Island","Body;Body"
"cg01919999",0.390690959539712,0.709311781928836,"5",180668568,"GNB2L1","N_Shore","Body"
"cg01930746",0.39831457940997,0.73994963675862,"2",10950511,"PDIA6","N_Shore","Body"
"cg01942106",0.370901909834846,0.702781076085415,"16",88228257,"","",""
"cg01943692",0.368793765254859,0.685656481837639,"1",26685715,"","N_Shore",""
"cg01982833",0.338723431776406,0.762578896742055,"12",27174596,"MED21","N_Shore","TSS1500"
"cg02072495",0.333144386937477,0.707875309627029,"15",60689285,"ANXA2;ANXA2;ANXA2;ANXA2","N_Shore","5'UTR;5'UTR;Body;5'UTR"
"cg02102075",0.415839646099775,0.807458641453814,"16",474430,"RAB11FIP3","N_Shore","TSS1500"
"cg02158978",0.149649374090997,0.592817505211939,"12",133134938,"FBRSL1","N_Shore","Body"
"cg02190353",0.359682336980329,0.731462217952098,"8",23405296,"SLC25A37","","Body"
"cg02194396",0.380169515785894,0.777321143803018,"19",427162,"SHC2","Island","Body"
"cg02212836",0.357301642904329,0.68529789680855,"6",6589075,"LY86;LOC285780","","1stExon;Body"
"cg02220965",0.298982312484073,0.669462375832144,"16",31128310,"MYST1;MYST1","N_Shore","TSS1500;TSS1500"
"cg02238461",0.364499906361573,0.707061533093185,"1",27985987,"","N_Shore",""
"cg02241759",0.262020222825749,0.692565906112346,"3",119528300,"NR1I2;NR1I2;NR1I2","N_Shore","Body;Body;Body"
"cg02243630",0.365917676855325,0.708608494386587,"4",154386540,"KIAA0922;KIAA0922","N_Shore","TSS1500;TSS1500"
"cg02273436",0.278747006553696,0.677052231977384,"4",55143269,"PDGFRA","","Body"
"cg02291020",0.383447721464212,0.781720709956449,"10",81963408,"ANXA11;ANXA11;ANXA11","N_Shore","5'UTR;5'UTR;5'UTR"
"cg02296171",0.269176893228904,0.624145138460366,"2",209224657,"","N_Shore",""
"cg02393030",0.239031083420442,0.634185840474695,"13",80055067,"NDFIP2;NDFIP2","Island","TSS200;TSS200"
"cg02413938",0.328560103319574,0.70406958523501,"2",239008929,"ESPNL","N_Shore","TSS200"
"cg02420146",0.373495182622468,0.690489918150335,"11",407622,"SIGIRR;SIGIRR;SIGIRR","Island","Body;Body;Body"
"cg02431972",0.266646207301145,0.652574532737735,"16",89023488,"CBFA2T3","","Body"
"cg02438164",0.359286157098397,0.666153459845646,"16",4651732,"","",""
"cg02451670",0.375404743750949,0.725250763762129,"1",212207806,"INTS7;DTL","N_Shore","Body;TSS1500"
"cg02464665",0.29487006409966,0.695787995968624,"1",231156359,"MIR1182;FAM89A","","TSS1500;Body"
"cg02500883",0.343896443049315,0.657131279118686,"9",104356619,"GRIN3A;PPP3R2;PPP3R2","N_Shore","Body;1stExon;3'UTR"
"cg02520639",0.235789505128259,0.7207204901881,"8",82021210,"PAG1","N_Shelf","5'UTR"
"cg02578087",0.432470778282905,0.891903000286258,"3",8671361,"C3orf32","","Body"
"cg02635260",0.278071533063061,0.64168376678228,"1",222988117,"","N_Shore",""
"cg02660097",0.246214562477927,0.649356491361329,"11",68866761,"","",""
"cg02661372",0.352222693421024,0.715771860448103,"1",181056912,"IER5","N_Shore","TSS1500"
"cg02688118",0.412060728829991,0.798938655467054,"13",114918456,"","S_Shelf",""
"cg02691035",0.349027838500655,0.769417475346216,"16",89163800,"ACSF3;ACSF3;ACSF3","N_Shelf","Body;5'UTR;5'UTR"
"cg02747950",0.384138257046385,0.696027182706594,"15",63526883,"RAB8B","","Body"
"cg02772121",0.303914504265774,0.700967122783753,"6",30130881,"TRIM15","","TSS200"
"cg02787737",0.29331631839378,0.752404738641283,"11",133928346,"","",""
"cg02845204",0.332282354088681,0.671707688671975,"11",71259439,"KRTAP5-9","","TSS200"
"cg02929431",0.338192007607837,0.658440921170071,"12",51713220,"BIN2","","Body"
"cg02956542",0.304372928457134,0.658299784711435,"1",153321421,"PGLYRP4","","TSS1500"
"cg02967969",0.299546259481892,0.640778872965876,"11",66443874,"RBM4B","N_Shore","Body"
"cg02988947",0.334484092020574,0.673863273777275,"17",61778813,"LIMD2","S_Shore","TSS1500"
"cg03037030",0.147398263912163,0.564457008312179,"6",31543300,"TNF","","TSS200"
"cg03160526",0.369661470260619,0.673008787426375,"17",80928410,"B3GNTL1","N_Shore","Body"
"cg03172657",0.328541069356132,0.789754305793922,"16",89163625,"ACSF3;ACSF3;ACSF3","N_Shelf","Body;5'UTR;5'UTR"
"cg03296935",0.258184378649255,0.630882948683909,"3",195946851,"OSTalpha","","Body"
"cg03297901",0.154341105737861,0.585235444786505,"17",76117767,"TMC6;TMC6","","Body;Body"
"cg03341377",0.36812149886224,0.758242702441563,"3",39309355,"CX3CR1;CX3CR1;CX3CR1;CX3CR1","","Body;5'UTR;5'UTR;5'UTR"
"cg03344384",0.258283645792226,0.736044915629185,"6",157931843,"ZDHHC14;ZDHHC14","","Body;Body"
"cg03382797",0.266422775039933,0.649396552826534,"9",135755363,"C9orf98;C9orf9","S_Shore","TSS1500;5'UTR"
"cg03434624",0.253337022572033,0.615418416000145,"12",123380883,"VPS37B","Island","TSS200"
"cg03480346",0.341983632401494,0.754123928768638,"2",24232603,"MFSD2B","N_Shore","TSS1500"
"cg03509329",0.294198699501401,0.637259616324272,"14",24520788,"LRRC16B","N_Shore","TSS1500"
"cg03529184",0.39377364222964,0.721344792102031,"20",30062162,"DEFB124;REM1","N_Shore","TSS1500;TSS1500"
"cg03547581",0.267226932157401,0.615877253481369,"1",205684841,"NUCKS1","","3'UTR"
"cg03602500",0.361384596620516,0.726520946214842,"19",55047721,"KIR3DX1","","Body"
"cg03607573",0.409628830907648,0.792144199547635,"11",93471889,"TAF1D","N_Shelf","Body"
"cg03634833",0.239957963515489,0.599212887079422,"7",965534,"ADAP1","N_Shore","Body"
"cg03636488",0.325765001190055,0.687590656462028,"12",132551127,"EP400","","Body"
"cg03667051",0.17936781296756,0.588507723496073,"2",7571641,"","Island",""
"cg03701930",0.330219428606438,0.643660050347225,"10",1981436,"","",""
"cg03722295",0.334884176514569,0.780881873188102,"19",10519375,"","S_Shelf",""
"cg03746834",0.390528582900516,0.751723982300974,"8",28196926,"PNOC","","Body"
"cg03776194",0.410594026344413,0.759492710018024,"16",88770966,"RNF166","N_Shore","Body"
"cg03800922",0.161813622741097,0.569306534597682,"6",74290220,"","",""
"cg03833774",0.306011532319224,0.64125170984366,"X",77914149,"ZCCHC5","","5'UTR"
"cg03889263",0.241552429376288,0.631794025496781,"3",177002388,"","",""
"cg03899510",0.353625888352387,0.672886894093051,"6",170581690,"","S_Shore",""
"cg03919650",0.361981245620788,0.704118513375714,"16",3306855,"MEFV","S_Shelf","TSS1500"
"cg03926751",0.31601903522369,0.639245200510682,"4",88140261,"KLHL8","N_Shore","5'UTR"
"cg03949008",0.280045993435872,0.602734495221098,"X",2846196,"ARSD;ARSD","Island","Body;Body"
"cg03967627",0.350900888237185,0.692279124855674,"8",144655030,"C8orf73","S_Shore","TSS200"
"cg03992114",0.231892078818974,0.612285394620541,"13",113343376,"ATP11A;ATP11A","N_Shore","TSS1500;TSS1500"
"cg03999872",0.303670748280135,0.685394467081398,"20",62272968,"STMN3","Island","Body"
"cg04020309",0.322673337627925,0.652617651684016,"1",247496094,"ZNF496","S_Shore","TSS1500"
"cg04071964",0.412247171940492,0.763422087393825,"3",100328745,"GPR128","","1stExon"
"cg04076387",0.374289368140754,0.779093048349283,"16",597434,"SOLH","S_Shore","Body"
"cg04115418",0.304761890697447,0.624525796079202,"20",62273971,"STMN3","Island","Body"
"cg04188920",0.236585733512464,0.634118913948979,"10",3138534,"PFKP","","Body"
"cg04250837",0.333713805703751,0.643309486752352,"1",231765185,"TSNAX-DISC1;DISC1;DISC1;DISC1;TSNAX-DISC1;DISC1;DISC1;DISC1;DISC1;TSNAX-DISC1;DISC1;DISC1;TSNAX-DISC1;DISC1;TSNAX-DISC1;DISC1;DISC1;DISC1;DISC1;DISC1;TSNAX-DISC1;TSNAX-DISC1;DISC1;DISC1;DISC1;DISC1;DISC1;TSNAX-DISC1;DISC1;DISC1;DISC1","S_Shelf","Body;Body;Body;Body;Body;Body;Body;Body;Body;Body;Body;Body;Body;Body;Body;Body;Body;Body;Body;Body;Body;Body;Body;Body;Body;Body;Body;Body;Body;Body;Body"
"cg04434593",0.256880717114105,0.7260679368014,"11",67139546,"LOC100130987;CLCF1;CLCF1","N_Shore","Body;Body;5'UTR"
"cg04453124",0.266432919878018,0.638278114358327,"10",79596240,"DLG5","","Body"
"cg04465154",0.344520053207353,0.729672519945487,"8",9045558,"","",""
"cg04478251",0.3497212686161,0.773598442542166,"17",998432,"ABR;ABR;ABR","","Body;Body;Body"
"cg04583842",0.395682636436087,0.792643765456001,"16",88103117,"BANP;BANP","S_Shore","Body;Body"
"cg04586126",0.433301009352777,0.879110238890672,"5",176734633,"MXD3;MXD3","Island","Body;Body"
"cg04609875",0.354064861700155,0.80071189900956,"12",70763703,"KCNMB4","S_Shelf","Body"
"cg04639610",0.365329465842493,0.690934524157466,"2",74942001,"","N_Shore",""
"cg04662369",0.395029420793675,0.762395388705306,"17",78754318,"RPTOR;RPTOR","","Body;Body"
"cg04667538",0.388548648904287,0.812325130744943,"2",105372176,"","",""
"cg04740205",0.377988767472291,0.728227332694659,"11",82871065,"PCF11","S_Shelf","Body"
"cg04764812",0.297865559840116,0.678359136642538,"10",76582315,"","N_Shelf",""
"cg04883026",0.330790646504703,0.683966307599219,"11",66487938,"SPTBN2","","Body"
"cg04948649",0.347465065414787,0.698559921024787,"11",1901748,"LSP1;LSP1;LSP1;LSP1","N_Shore","Body;Body;Body;Body"
"cg04962621",0.299279460435914,0.635129490404969,"16",4714733,"MGRN1;MGRN1;MGRN1;MGRN1","","Body;Body;Body;Body"
"cg04987734",0.265911710492481,0.617626627242298,"14",103415873,"CDC42BPB","","Body"
"cg05021589",0.279153506895348,0.607764638256504,"6",6588931,"LY86;LOC285780","","TSS200;Body"
"cg05027597",0.24778378914249,0.594101623104245,"19",47935656,"SLC8A2","Island","Body"
"cg05076730",0.320642359423336,0.664249550298088,"8",129060815,"MIR1207;PVT1","","TSS1500;Body"
"cg05083852",0.3634886549376,0.750146131347919,"16",81480610,"CMIP","S_Shore","Body"
"cg05196905",0.302073151734128,0.75709983959091,"21",47877665,"DIP2A;DIP2A;DIP2A;DIP2A;DIP2A;DIP2A;DIP2A","N_Shore","TSS1500;TSS1500;TSS1500;TSS1500;TSS1500;TSS1500;TSS1500"
"cg05436939",0.388007992849289,0.703191307988364,"4",1202599,"LOC100130872;LOC100130872-SPON2","N_Shore","Body;Body"
"cg05483571",0.406318206387507,0.763891262422699,"17",77901224,"","Island",""
"cg05487134",0.33229543410565,0.663910880239441,"17",40489569,"STAT3;STAT3;STAT3","","Body;Body;Body"
"cg05517541",0.319536873950658,0.655180697052195,"6",112115209,"FYN","","5'UTR"
"cg05580073",0.35105926232418,0.652625636630959,"22",24803248,"CYTSA;CYTSA","","Body;Body"
"cg05587400",0.351728453554644,0.722814277810732,"10",5817943,"GDI2;GDI2","","Body;Body"
"cg05655806",0.342512600463745,0.66105589386606,"3",111260756,"CD96;CD96","","TSS200;TSS200"
"cg05661533",0.303720402762506,0.663645491395521,"5",1495043,"LPCAT1","Island","Body"
"cg05701418",0.358335865933561,0.698380747529174,"6",30131361,"TRIM15;TRIM15","","5'UTR;1stExon"
"cg05785598",0.395075949774499,0.757965850662316,"3",49045655,"WDR6","S_Shore","Body"
"cg05809437",0.350009363882493,0.720691845941622,"8",1450031,"DLGAP2","","5'UTR"
"cg05871756",0.358363805029762,0.691334256881843,"5",173216171,"","",""
"cg05882699",0.168962205684553,0.612460609427124,"10",126840591,"CTBP2;CTBP2","Island","5'UTR;5'UTR"
"cg05890898",0.249510755278287,0.628944618205874,"20",37076913,"SNORA60;SNHG11","S_Shore","TSS1500;Body"
"cg05898618",0.353521901918394,0.739219142502208,"11",2555576,"KCNQ1;KCNQ1","Island","Body;Body"
"cg05902884",0.240865294261233,0.617674613678679,"3",183543862,"MAP6D1","S_Shore","TSS1500"
"cg05928849",0.377880132939273,0.68544365013498,"11",122993208,"ASAM","","Body"
"cg05931497",0.395800904717113,0.761582316690711,"10",867221,"LARP4B","","Body"
"cg05941376",0.332220921371322,0.733101729021095,"5",167836834,"WWC1;WWC1;WWC1","","Body;Body;Body"
"cg05942508",0.237805646561825,0.586861925816366,"11",113846922,"HTR3A;HTR3A;HTR3A","","Body;TSS1500;Body"
"cg05953373",0.321650382681583,0.678128971603583,"16",89023633,"CBFA2T3","","Body"
"cg05957567",0.392424733399602,0.812359011803897,"12",122467228,"BCL7A;BCL7A","","Body;Body"
"cg05960677",0.239470914326587,0.614613447013509,"2",152117363,"RBM43","N_Shore","Body"
"cg05981034",0.273760601694018,0.651605903752468,"17",1366164,"","",""
"cg05993265",0.273169141237545,0.646338965318868,"4",2933802,"MFSD10;MFSD10","Island","Body;Body"
"cg06008640",0.299342659269828,0.636516555987622,"X",39864206,"","N_Shore",""
"cg06040034",0.287913795194239,0.684171024880589,"8",1618448,"DLGAP2","S_Shore","Body"
"cg06057569",0.24216588858872,0.649922648358654,"22",50219754,"BRD1","N_Shore","TSS1500"
"cg06072036",0.391689804526711,0.726608145000987,"11",822402,"PNPLA2","N_Shore","Body"
"cg06100756",0.284637239207098,0.654370912920452,"17",43221575,"","N_Shore",""
"cg06117093",0.299883590583047,0.635866957310072,"2",240291657,"HDAC4","","5'UTR"
"cg06144905",0.379222528470295,0.760523384104913,"17",27369780,"PIPOX","","TSS200"
"cg06159562",0.214723449518409,0.601215328599451,"16",89424793,"ANKRD11","","5'UTR"
"cg06167719",0.413328968776577,0.771424742952612,"21",38362727,"HLCS","Island","TSS200"
"cg06193766",0.344723824574534,0.778645759120314,"10",375391,"DIP2C","S_Shelf","Body"
"cg06223834",0.39838454408991,0.808235389419555,"16",4103161,"ADCY9","","Body"
"cg06244240",0.294133112929712,0.65080542941023,"17",81058949,"","N_Shore",""
"cg06294803",0.156421429075846,0.585681816485344,"3",184033282,"EIF4G1;EIF4G1;EIF4G1;EIF4G1;EIF4G1","S_Shore","5'UTR;5'UTR;1stExon;5'UTR;5'UTR"
"cg06312985",0.249530712118614,0.598132719161188,"7",32961866,"RP9P","","Body"
"cg06315974",0.314260946359789,0.63278662755597,"1",154600712,"ADAR","S_Shore","TSS1500"
"cg06318624",0.390848160228729,0.725560101252557,"2",174913188,"","",""
"cg06349450",0.391240405004076,0.772204047700473,"16",85867170,"","S_Shelf",""
"cg06357748",0.359523300013102,0.720484833097775,"12",1025529,"RAD52","","Body"
"cg06373940",0.347125922636877,0.689562194300229,"2",128052778,"ERCC3","S_Shore","TSS1500"
"cg06412669",0.201223681163771,0.605974268628738,"17",78735550,"RPTOR;RPTOR","","Body;Body"
"cg06442240",0.409168663488658,0.842166022346316,"16",19129228,"ITPRIPL2;ITPRIPL2;ITPRIPL2","S_Shore","1stExon;Body;3'UTR"
"cg06468133",0.236747837798814,0.662028180162667,"11",3244441,"","",""
"cg06469726",0.332235644262738,0.663831396370883,"2",242483467,"","S_Shore",""
"cg06526620",0.364206257200211,0.666471054236921,"11",94278324,"FUT4","Island","1stExon"
"cg06540458",0.350945260175256,0.664220156047713,"1",226951747,"","",""
"cg06545761",0.431363982387856,0.86124916471963,"16",87441441,"ZCCHC14","Island","3'UTR"
"cg06586046",0.30832060764568,0.62788525800824,"17",78038103,"CCDC40","N_Shore","Body"
"cg06634460",0.345435613853145,0.653999816091992,"12",123380891,"VPS37B","Island","TSS200"
"cg06657721",0.336212069895985,0.67361135978261,"6",25027618,"","",""
"cg06673536",0.324395862148794,0.689162112858085,"19",45213941,"CEACAM16","S_Shelf","3'UTR"
"cg06684088",0.304518944679915,0.657231408002201,"7",119131,"","N_Shore",""
"cg06705017",0.303002576287126,0.694880574541769,"18",77552402,"","Island",""
"cg06732873",0.373689373455618,0.851201964916195,"7",35731578,"HERPUD2","N_Shelf","Body"
"cg06762457",0.369354946939237,0.781789959027462,"6",149806635,"ZC3H12D","","TSS1500"
"cg06812844",0.249424569992329,0.59647711169171,"21",45773782,"TRPM2","","Body"
"cg06817455",0.318446169363039,0.661341087805286,"1",212626474,"","",""
"cg06823034",0.186291448006085,0.583516007908811,"14",24780734,"LTB4R;LTB4R2;LTB4R2;LTB4R2;LTB4R;CIDEB","Island","5'UTR;Body;1stExon;Body;1stExon;TSS200"
"cg06829584",0.26443818329812,0.639625967958938,"10",75659483,"","",""
"cg06872548",0.390215475485086,0.759812301328736,"17",78716983,"RPTOR;RPTOR","N_Shelf","Body;Body"
"cg06892907",0.324427108513254,0.632258249291167,"8",103818062,"","N_Shore",""
"cg06903031",0.270919800347996,0.630714886562137,"1",110644949,"","",""
"cg06905453",0.298069024035189,0.689383279900782,"19",14089284,"RFX1","N_Shore","Body"
"cg06906435",0.335170099100347,0.68355853860962,"14",99177777,"C14orf177","","TSS200"
"cg06939307",0.219800071417494,0.602602519800462,"1",32408132,"","N_Shelf",""
"cg06939851",0.328968709191292,0.651711014843826,"1",226112534,"PYCR2","Island","TSS1500"
"cg06942110",0.354209473450468,0.669195947681631,"7",1545385,"INTS1","S_Shore","TSS1500"
"cg06996273",0.245114865247638,0.637231916739201,"1",3620729,"TP73;TP73;TP73;TP73","N_Shelf","Body;Body;Body;Body"
"cg07061500",0.204142627018089,0.586435056030873,"6",159290520,"","N_Shore",""
"cg07076836",0.31886626289038,0.657337922663227,"15",65175729,"","",""
"cg07100542",0.29739069656102,0.614473510061302,"1",17402079,"PADI2","","Body"
"cg07113006",0.332522529455472,0.722681754443228,"1",45097282,"RNF220","Island","Body"
"cg07136635",0.204173861451544,0.601335676610116,"5",52096641,"ITGA1;PELO","S_Shore","Body;Body"
"cg07141605",0.158736739469387,0.633505632759395,"12",133005406,"","",""
"cg07173823",0.346824572664564,0.742116481224054,"1",45190519,"C1orf228","Island","Body"
"cg07197230",0.270539294830567,0.603994927119991,"22",17956641,"CECR2","","1stExon"
"cg07201717",0.3436278222631,0.656672415461717,"1",25031947,"","",""
"cg07212541",0.383279896523841,0.727205430318192,"15",101442710,"ALDH1A3","","Body"
"cg07216976",0.307629350370839,0.711602967100906,"10",116581248,"FAM160B1;FAM160B1","N_Shore","TSS1500;TSS1500"
"cg07240557",0.281591352650395,0.654623592694161,"12",27396937,"STK38L","N_Shore","TSS200"
"cg07263979",0.229642781143292,0.721672472774162,"2",241585888,"","N_Shore",""
"cg07272654",0.260769266386067,0.68358585346545,"16",86011988,"","",""
"cg07280097",0.305409746561447,0.636161512330522,"3",128779601,"GP9","","TSS200"
"cg07312051",0.286893410086454,0.62395867833191,"1",15656086,"FHAD1","","Body"
"cg07375256",0.368853271305545,0.775290347209168,"7",99222196,"ZNF498","","Body"
"cg07392702",0.3081420139202,0.65342350219961,"7",158595915,"ESYT2","N_Shore","Body"
"cg07404200",0.32582641799337,0.655665729512329,"6",166876585,"RPS6KA2;RPS6KA2","","Body;Body"
"cg07405121",0.275343106033408,0.615839756997855,"16",2083168,"SLC9A3R2;SLC9A3R2","N_Shelf","Body;Body"
"cg07451762",0.291848073464708,0.702808322950346,"16",28383216,"","S_Shelf",""
"cg07466463",0.318990383719508,0.765778207377037,"8",141574207,"EIF2C2;EIF2C2","","Body;Body"
"cg07492924",0.357053944339473,0.687431330063022,"16",433825,"LOC100134368","S_Shore","Body"
"cg07546943",0.345049917815534,0.646079505593725,"2",236523362,"AGAP1;AGAP1","","Body;Body"
"cg07637837",0.424272383534402,0.838857710953378,"18",74824154,"MBP;MBP","Island","5'UTR;5'UTR"
"cg07734975",0.311568208257874,0.670486341135713,"11",9780844,"","S_Shore",""
"cg07769588",0.202215407101157,0.707316065580754,"19",10655622,"ATG4D","S_Shore","Body"
"cg07793148",0.366664157070884,0.706597127935533,"1",9712988,"C1orf200;PIK3CD","Island","Body;5'UTR"
"cg07863022",0.237291330226506,0.59523323935387,"17",75315108,"SEPT9;SEPT9;SEPT9","","5'UTR;Body;TSS1500"
"cg07880854",0.337483877147896,0.668385555836435,"2",112895559,"FBLN7;FBLN7","N_Shore","TSS1500;TSS1500"
"cg07890553",0.236659664806617,0.674578000014734,"3",119182858,"TMEM39A","","TSS1500"
"cg07892167",0.229874947870114,0.586031798243122,"8",23144983,"R3HCC1","N_Shore","TSS1500"
"cg07915516",0.226531267863837,0.655851771851291,"16",377344,"AXIN1;AXIN1","S_Shelf","Body;Body"
"cg07958192",0.390121922464075,0.75928510780062,"4",90033974,"TIGD2;TIGD2","S_Shore","1stExon;5'UTR"
"cg07998908",0.397336878167781,0.768643578239857,"4",5035653,"","",""
"cg08058191",0.419343182177597,0.792667760419012,"17",39781130,"KRT17","","TSS1500"
"cg08058560",0.217572075806617,0.666722521361236,"1",117544206,"CD101","","TSS200"
"cg08059112",0.378745673656308,0.71953084097628,"19",2294887,"LINGO3","Island","5'UTR"
"cg08120210",0.319960076513398,0.684610369206481,"15",66682733,"MAP2K1","S_Shelf","Body"
"cg08122232",0.358387795542889,0.715424452621139,"17",74100132,"EXOC7;EXOC7;EXOC7;EXOC7;EXOC7;EXOC7","S_Shore","TSS1500;TSS1500;TSS1500;TSS1500;TSS1500;TSS1500"
"cg08126118",0.325724141425508,0.665458409059679,"13",43930918,"ENOX1;ENOX1","","Body;Body"
"cg08156775",0.332069428097159,0.665485852611217,"X",40009864,"BCOR;BCOR","N_Shore","5'UTR;5'UTR"
"cg08173915",0.400459524292634,0.845046082110913,"21",34774164,"IFNGR2","N_Shore","TSS1500"
"cg08255475",0.143964297736142,0.607238735250468,"16",88871329,"CDT1","N_Shore","Body"
"cg08265926",0.37656215465488,0.735250578852907,"16",81039227,"CENPN;CENPN;CENPN;C16orf61","N_Shore","TSS1500;TSS1500;TSS1500;5'UTR"
"cg08279092",0.264871190927171,0.635954571386752,"1",24071557,"TCEB3","S_Shore","Body"
"cg08305942",0.404966210609445,0.790968536920288,"16",79692354,"","",""
"cg08310116",0.322663981119234,0.703777546913394,"14",75594752,"NEK9","S_Shore","TSS1500"
"cg08410533",0.309857143019616,0.707144210585977,"10",375830,"DIP2C","S_Shelf","Body"
"cg08416194",0.262830456712348,0.628768763061111,"5",145236139,"","",""
"cg08422803",0.385711326641789,0.710545765365429,"21",46341067,"ITGB2;ITGB2","","TSS200;5'UTR"
"cg08438529",0.353663172256345,0.742394290655989,"16",1052939,"","N_Shelf",""
"cg08438690",0.297196482102288,0.616098117413966,"3",52279403,"PPM1M;PPM1M","N_Shore","TSS1500;TSS1500"
"cg08650125",0.324586785271992,0.786267297565962,"8",144260730,"","",""
"cg08656816",0.367293838141692,0.719507054401703,"17",34207454,"CCL5","","TSS200"
"cg08687540",0.402552607532851,0.774556913494313,"11",1890204,"LSP1;LSP1;LSP1","N_Shore","5'UTR;1stExon;Body"
"cg08698943",0.289489686816764,0.662073916254836,"10",3509758,"","",""
"cg08720746",0.327424291093067,0.649088764512065,"10",134754961,"C10orf93","N_Shore","Body"
"cg08756594",0.374754122485427,0.688086569435821,"11",1892392,"LSP1;LSP1;LSP1;LSP1;LSP1","Island","5'UTR;5'UTR;Body;1stExon;5'UTR"
"cg08772789",0.282765408889227,0.655810473327787,"17",75318655,"SEPT9;SEPT9;SEPT9","","5'UTR;Body;Body"
"cg08782022",0.334579204936395,0.638723723744141,"16",4730136,"MGRN1;MGRN1;MGRN1;MGRN1","N_Shore","Body;Body;Body;Body"
"cg08791347",0.315894014464409,0.640080068992922,"10",13831250,"FRMD4A","","Body"
"cg08821747",0.341208513233239,0.731406025135019,"4",39641752,"C4orf34","S_Shore","TSS1500"
"cg08830672",0.406398145970049,0.859926594650864,"16",67516286,"ATP6V0D1","S_Shore","TSS1500"
"cg08858130",0.282373644208463,0.64213163147116,"7",2124459,"MAD1L1;MAD1L1;MAD1L1","","Body;Body;Body"
"cg08863777",0.396142067570515,0.733348173659345,"11",94278457,"FUT4","Island","1stExon"
"cg08863939",0.283534688495006,0.658467846145367,"2",172067553,"TLK1","","5'UTR"
"cg08864105",0.394917482229936,0.728934216799306,"1",111743020,"DENND2D","N_Shelf","1stExon"
"cg08908247",0.310755972137647,0.653592132179917,"11",66055170,"YIF1A","N_Shore","Body"
"cg08955995",0.322116035067474,0.633221240855463,"19",42503412,"GRIK5","Island","Body"
"cg08972588",0.393430069554722,0.733118664803101,"6",32014674,"TNXB;TNXB","","Body;TSS1500"
"cg09076123",0.290005230222862,0.628904877538903,"1",183559527,"NCF2;NCF2;NCF2","","5'UTR;1stExon;5'UTR"
"cg09098522",0.320104152639985,0.632545730261282,"10",31435673,"","",""
"cg09183124",0.339011413402538,0.644602106417036,"1",173092323,"","",""
"cg09183450",0.323539600089885,0.662233630462432,"11",62308513,"AHNAK;AHNAK","","5'UTR;5'UTR"
"cg09187007",0.363841331013901,0.677802836426128,"1",3514990,"MEGF6","S_Shelf","Body"
"cg09241703",0.279505843441544,0.605323489534504,"14",89831698,"FOXN3;FOXN3","","Body;Body"
"cg09262197",0.355036460173478,0.688905898311532,"1",3807312,"C1orf174","N_Shore","Body"
"cg09277749",0.411815330056568,0.801178475646698,"1",165826270,"UCK2","","Body"
"cg09327586",0.295749573293669,0.621805671511995,"17",56634222,"TEX14;TEX14","","3'UTR;3'UTR"
"cg09368486",0.227058286100134,0.583517977240558,"2",208890779,"PLEKHM3","S_Shore","TSS1500"
"cg09462956",0.328472740296791,0.673427080886306,"16",2082777,"SLC9A3R2;SLC9A3R2","N_Shelf","Body;Body"
"cg09554443",0.219659089700978,0.628441661025077,"1",167487762,"CD247;CD247;CD247;CD247","","1stExon;5'UTR;1stExon;5'UTR"
"cg09572125",0.331666385776947,0.677788250405421,"6",33400477,"SYNGAP1","","Body"
"cg09595020",0.372799273459378,0.70338543003655,"7",2654120,"IQCE;IQCE","","3'UTR;3'UTR"
"cg09611620",0.394717299091249,0.822126682016272,"3",71545533,"FOXP1;FOXP1","","5'UTR;5'UTR"
"cg09678939",0.18002974627686,0.659047775006894,"6",149806081,"ZC3H12D;ZC3H12D","","5'UTR;1stExon"
"cg09681977",0.305894289942389,0.801171239043383,"2",240153103,"HDAC4","N_Shore","Body"
"cg09696044",0.186881877856014,0.607130439645418,"20",55968294,"RBM38;RBM38","S_Shore","Body;Body"
"cg09718037",0.39785937400898,0.899139065989631,"12",117042854,"","",""
"cg09762021",0.267554077317685,0.609991211338478,"1",153762224,"","",""
"cg09763373",0.34755357410731,0.665937591013995,"16",596899,"SOLH","S_Shore","Body"
"cg09763644",0.21592545537211,0.665370739792367,"1",207103660,"PIGR","","3'UTR"
"cg09783253",0.230745193765941,0.707308970575459,"6",157932130,"ZDHHC14;ZDHHC14","","Body;Body"
"cg09841889",0.306307298355702,0.648004709677449,"2",113552033,"","",""
"cg09849319",0.385652768457846,0.777272717743905,"5",1494983,"LPCAT1","Island","Body"
"cg09929238",0.354768679376966,0.656963379352014,"17",78560916,"RPTOR;RPTOR","","Body;Body"
"cg09940188",0.426593667734373,0.883578113081518,"17",1686671,"SMYD4","","Body"
"cg09958065",0.227155601108454,0.64663507000155,"10",12648526,"CAMK1D;CAMK1D","","Body;Body"
"cg09981914",0.271590039900916,0.707463305432069,"6",157931933,"ZDHHC14;ZDHHC14","","Body;Body"
"cg09989037",0.24369141023467,0.640868028999892,"1",44300942,"ST3GAL3;ST3GAL3;ST3GAL3;ST3GAL3;ST3GAL3;ST3GAL3;ST3GAL3;ST3GAL3;ST3GAL3;ST3GAL3","","Body;Body;Body;Body;Body;Body;Body;Body;Body;Body"
"cg09993145",0.305166309699122,0.730753954516188,"1",25291905,"RUNX3","","TSS1500"
"cg10006442",0.38199999622314,0.701575052234136,"20",61518970,"DIDO1;DIDO1","","Body;3'UTR"
"cg10020040",0.310173069973081,0.620190014015998,"1",3397621,"ARHGEF16","S_Shelf","3'UTR"
"cg10054641",0.357491803956103,0.704995140168081,"8",133773093,"TMEM71;TMEM71","","TSS200;TSS200"
"cg10111599",0.402953158085285,0.778924958050153,"7",1573451,"MAFK","N_Shelf","5'UTR"
"cg10117369",0.21482285704691,0.627640059445018,"1",203734256,"LAX1;LAX1","","TSS200;TSS200"
"cg10122294",0.350241146436727,0.652076422779974,"1",231765076,"TSNAX-DISC1;DISC1;DISC1;DISC1;TSNAX-DISC1;DISC1;DISC1;DISC1;DISC1;TSNAX-DISC1;DISC1;DISC1;TSNAX-DISC1;DISC1;TSNAX-DISC1;DISC1;DISC1;DISC1;DISC1;DISC1;TSNAX-DISC1;TSNAX-DISC1;DISC1;DISC1;DISC1;DISC1;DISC1;TSNAX-DISC1;DISC1;DISC1;DISC1","S_Shore","Body;Body;Body;Body;Body;Body;Body;Body;Body;Body;Body;Body;Body;Body;Body;Body;Body;Body;Body;Body;Body;Body;Body;Body;Body;Body;Body;Body;Body;Body;Body"
"cg10156217",0.275613095136055,0.70519968333322,"14",50362354,"ARF6","S_Shore","3'UTR"
"cg10193721",0.174490639287214,0.580817599372524,"14",24780691,"LTB4R2;LTB4R2;LTB4R2;CIDEB;LTB4R","Island","Body;1stExon;Body;TSS200;TSS200"
"cg10213821",0.180110454892949,0.572778394193236,"7",99005134,"BUD31;PDAP1","N_Shore","TSS1500;Body"
"cg10274029",0.366756228242313,0.776210792420665,"16",85981336,"","N_Shore",""
"cg10283505",0.327455701388752,0.678120101696929,"11",94278912,"FUT4;FUT4","Island","1stExon;3'UTR"
"cg10296718",0.405344642571388,0.775609109098239,"8",1848143,"ARHGEF10","","Body"
"cg10317164",0.380405148401012,0.758561434440642,"3",10274142,"IRAK2","N_Shore","Body"
"cg10442729",0.246252336402834,0.650108404750869,"2",241585833,"","N_Shore",""
"cg10451565",0.182295937937668,0.625240445933792,"19",47840131,"GPR77","","TSS1500"
"cg10471113",0.420316973553237,0.826816601423131,"16",1587842,"IFT140;TMEM204","Island","Body;Body"
"cg10499172",0.380553791986537,0.729822551492717,"11",126173246,"DCPS","N_Shore","TSS1500"
"cg10549986",0.315236675225337,0.679300250125627,"2",7018153,"RSAD2","","1stExon"
"cg10579718",0.37167981692083,0.702195965697958,"1",1052886,"C1orf159","S_Shore","TSS1500"
"cg10665891",0.330879299268869,0.891428224125453,"12",117042917,"","",""
"cg10671066",0.184085647713416,0.610310662445077,"1",160492861,"SLAMF6","","Body"
"cg10680621",0.228793874547393,0.654186931640485,"5",139069449,"","",""
"cg10743062",0.277131386012253,0.643177506963183,"20",33413713,"NCOA6","S_Shore","TSS1500"
"cg10764196",0.363911707529051,0.704022081216127,"8",10489270,"RP1L1","","5'UTR"
"cg10819350",0.187426898046591,0.58499755792945,"19",10655686,"ATG4D","S_Shore","Body"
"cg10848724",0.265794363204671,0.620597162251601,"12",123380878,"VPS37B","Island","TSS200"
"cg10881225",0.232369691335775,0.749384475750606,"2",9984929,"TAF1B","S_Shore","Body"
"cg10902549",0.282405481766312,0.668469167024952,"10",135202522,"PAOX;PAOX;PAOX","N_Shore","Body;Body;Body"
"cg10920224",0.34900429441628,0.660745125435888,"14",103367591,"TRAF3;TRAF3;TRAF3","","Body;Body;Body"
"cg10944833",0.173816758787917,0.605978497866819,"6",17702460,"NUP153","N_Shelf","Body"
"cg11009736",0.316874646329062,0.637654423817199,"2",119699682,"MARCO","","TSS200"
"cg11027221",0.371692475443317,0.725280529578537,"11",67770665,"UNC93B1","Island","Body"
"cg11106117",0.361739204076188,0.670711766340291,"5",139491230,"","N_Shore",""
"cg11194613",0.258200396054849,0.769739668256259,"11",70268728,"CTTN;CTTN","","Body;Body"
"cg11201177",0.318835330673218,0.701903230191728,"11",2961805,"","N_Shelf",""
"cg11288831",0.334472892600554,0.642523373689776,"13",114880831,"RASA3","S_Shore","Body"
"cg11308319",0.422341061553998,0.797106192752298,"2",240291426,"HDAC4","","5'UTR"
"cg11339839",0.34126920416168,0.653989574474897,"17",77901129,"","Island",""
"cg11353706",0.396633852171602,0.74595164616967,"7",100774810,"SERPINE1;SERPINE1","","Body;Body"
"cg11468953",0.315625724722776,0.648314904527597,"11",48034953,"PTPRJ;PTPRJ","","Body;Body"
"cg11484872",0.330046674494101,0.731159898294845,"6",31543169,"TNF","","TSS200"
"cg11555873",0.40212375326772,0.868355920120717,"13",29102417,"","N_Shelf",""
"cg11623339",0.286486619581379,0.690797942673389,"5",138725482,"MGC29506","N_Shelf","1stExon"
"cg11642298",0.35761482579609,0.685989387473513,"3",133193741,"BFSP2","","Body"
"cg11642324",0.200310788333686,0.579268475690293,"12",133348293,"GOLGA3","N_Shore","3'UTR"
"cg11682697",0.341258788510925,0.660644040111867,"1",56992372,"PPAP2B;PPAP2B","","Body;Body"
"cg11756095",0.138546270687032,0.616659299499973,"1",32410614,"","Island",""
"cg11784631",0.337099786885418,0.648808154213112,"6",30658014,"NRM","S_Shelf","Body"
"cg11800635",0.339212465706453,0.660386872296851,"2",74783088,"DOK1","S_Shore","Body"
"cg11801411",0.355890899526038,0.683213074612295,"17",1628727,"WDR81;WDR81;WDR81;WDR81","Island","Body;1stExon;5'UTR;5'UTR"
"cg11837293",0.325820949975116,0.721085086294615,"20",52356911,"","",""
"cg11847597",0.397008410976737,0.771332385225037,"8",22673141,"PEBP4","","Body"
"cg11870455",0.399703052485531,0.73184867339635,"3",187491295,"","",""
"cg11874976",0.397417467179181,0.805145666381623,"14",101908830,"","Island",""
"cg11884704",0.334591758063744,0.649121425675253,"9",130854313,"SLC25A25;SLC25A25","","Body;1stExon"
"cg11888982",0.324498619070079,0.652291807683344,"8",116231420,"","",""
"cg11940177",0.398557933942876,0.821451337732047,"10",99188478,"PGAM1","S_Shelf","Body"
"cg11953794",0.380696682967747,0.733284841412608,"19",18280669,"PIK3R2","S_Shore","3'UTR"
"cg11970797",0.384105321635298,0.745004338037308,"13",20994066,"CRYL1","","Body"
"cg11977716",0.352100968369225,0.750493261118054,"18",77284742,"NFATC1;NFATC1;NFATC1;NFATC1","Island","Body;Body;Body;Body"
"cg11980800",0.341057992491395,0.645907426893648,"1",9748107,"PIK3CD","N_Shore","5'UTR"
"cg11992736",0.201907553464142,0.609872126365169,"19",18197544,"IL12RB1;IL12RB1","","Body;Body"
"cg12019801",0.403305041862092,0.77179605862096,"18",74114708,"ZNF516","Island","Body"
"cg12022621",0.261548335091441,0.68891164850492,"1",203734505,"LAX1;LAX1;LAX1","","1stExon;1stExon;5'UTR"
"cg12036877",0.393012440117585,0.720172631820787,"1",156211896,"BGLAP","N_Shelf","TSS200"
"cg12037550",0.404252429716709,0.756683427966318,"10",1705054,"ADARB2","","Body"
"cg12048965",0.332743225762441,0.717436381967525,"10",3848384,"","",""
"cg12149606",0.357157976317649,0.659436197449341,"14",75614186,"TMED10","","Body"
"cg12177334",0.393033328589626,0.713101552048442,"5",176937350,"DOK3;DOK3;DOK3;DOK3;DOK3","","1stExon;TSS1500;1stExon;5'UTR;5'UTR"
"cg12224388",0.404127705215484,0.742460570449446,"2",545599,"","",""
"cg12297590",0.326569616563033,0.709145303507272,"6",158080750,"ZDHHC14;ZDHHC14","","Body;Body"
"cg12298872",0.342080367781609,0.735290165835622,"1",228352449,"C1orf69","N_Shore","TSS1500"
"cg12459502",0.23623436104447,0.594690622755351,"18",60904237,"BCL2","","Body"
"cg12461469",0.298956497858549,0.64543187161853,"3",149530341,"RNF13;RNF13","Island","TSS200;TSS200"
"cg12495559",0.330850778034027,0.658496473123594,"17",78415034,"","N_Shelf",""
"cg12526923",0.190006853932405,0.601978898881986,"19",17439208,"ANO8","Island","Body"
"cg12592359",0.339138380099523,0.69528698429542,"20",30944839,"ASXL1;ASXL1","N_Shore","TSS1500;TSS1500"
"cg12645852",0.279211979755127,0.611790810176098,"18",74198774,"","N_Shelf",""
"cg12681948",0.38602583061938,0.740346814040252,"3",194208784,"","Island",""
"cg12726839",0.372214962529566,0.685579264722031,"1",845311,"","Island",""
"cg12736773",0.277064560360942,0.621254000570055,"10",131819853,"","",""
"cg12810800",0.309553486640616,0.623600300567367,"2",159788345,"","",""
"cg12816748",0.344075901862421,0.682363434658873,"7",752743,"PRKAR1B;PRKAR1B;PRKAR1B;PRKAR1B;PRKAR1B;PRKAR1B;PRKAR1B","S_Shore","TSS200;5'UTR;5'UTR;TSS1500;1stExon;5'UTR;5'UTR"
"cg12836863",0.396565321554044,0.781577888388699,"13",32889023,"BRCA2","N_Shore","TSS1500"
"cg12897164",0.322571521794124,0.737864342649639,"8",124529273,"FBXO32;FBXO32","","5'UTR;Body"
"cg12910806",0.345442650785998,0.67577555516061,"1",246728677,"CNST;TFB2M;CNST","N_Shore","TSS1500;Body;TSS1500"
"cg12935359",0.232088320512254,0.587786627118098,"14",103987150,"CKB","Island","Body"
"cg12958561",0.366485513723685,0.676194687614987,"4",26460878,"","",""
"cg12976883",0.390377677579392,0.756998237511709,"2",231090376,"SP140;SP140","","TSS200;TSS200"
"cg13033578",0.279242436328507,0.626334667958938,"19",2302995,"LINGO3","Island","5'UTR"
"cg13052638",0.423552608266227,0.880274564349742,"1",206677719,"","N_Shelf",""
"cg13073699",0.284044115282551,0.633705565499471,"17",77805596,"","N_Shore",""
"cg13136655",0.133243406882545,0.594690432299993,"6",149806131,"ZC3H12D;ZC3H12D","","5'UTR;1stExon"
"cg13149245",0.386394391410731,0.7687061140586,"15",65105500,"","",""
"cg13203135",0.255222228466831,0.650419390579069,"21",45565328,"C21orf33;C21orf33","","3'UTR;3'UTR"
"cg13216331",0.29330024679488,0.705333710528049,"1",156025757,"ROBLD3;ROBLD3","S_Shore","Body;Body"
"cg13246468",0.332285245083331,0.665703383335937,"1",31205629,"LAPTM5","","3'UTR"
"cg13257690",0.367387703503657,0.705694540330173,"14",101908752,"","N_Shore",""
"cg13300301",0.263639370398453,0.694144523617226,"11",94279068,"FUT4;FUT4","S_Shore","1stExon;3'UTR"
"cg13315706",0.221003826975627,0.643495337847442,"21",46341054,"ITGB2;ITGB2","","TSS200;5'UTR"
"cg13337662",0.346882172332688,0.663487595721369,"13",25255297,"ATP12A","S_Shore","Body"
"cg13410764",0.299754023794315,0.734036404537583,"9",90407888,"","",""
"cg13466988",0.329936667852157,0.659190287381299,"1",12538541,"VPS13D;VPS13D","","Body;Body"
"cg13467628",0.430949527170338,0.854046864213654,"2",365559,"","",""
"cg13477780",0.279218262258806,0.605257588006395,"7",75897549,"SRRM3","S_Shore","Body"
"cg13583535",0.33062953695154,0.645741847304235,"18",74768041,"MBP;MBP","N_Shelf","Body;Body"
"cg13615963",0.310723739307017,0.631751172903927,"6",167536521,"CCR6;CCR6;CCR6","","5'UTR;5'UTR;1stExon"
"cg13643764",0.365926142386001,0.697269782790394,"5",1028233,"NKD2","S_Shelf","Body"
"cg13660174",0.233365475850231,0.610057513909152,"9",136238392,"SURF4","N_Shelf","Body"
"cg13667389",0.409173102946942,0.848124032578415,"17",79004850,"FLJ90757","N_Shore","Body"
"cg13683990",0.348641004760529,0.650729192410654,"6",33161292,"COL11A2;COL11A2;COL11A2;COL11A2","Island","TSS1500;TSS1500;TSS1500;TSS1500"
"cg13686044",0.296612458699796,0.63464757569273,"17",14736367,"","",""
"cg13688202",0.356960758242132,0.758841876284766,"14",65230287,"SPTB","","Body"
"cg13709639",0.23395473227174,0.600864418222325,"12",49526040,"TUBA1B","S_Shore","TSS1500"
"cg13759632",0.251212679256703,0.591535434952928,"11",44545144,"","S_Shelf",""
"cg13770399",0.321897326455767,0.663301551591353,"6",64281639,"PTP4A1","N_Shore","TSS1500"
"cg13771471",0.3139821129465,0.652523725545405,"10",1505595,"ADARB2","N_Shore","Body"
"cg13785223",0.250894015297184,0.619195442985571,"13",114905788,"","",""
"cg13810673",0.276876338231794,0.64759312548834,"14",88473038,"GPR65","","5'UTR"
"cg13832670",0.289636079053681,0.607000299177846,"7",137646869,"CREB3L2","","Body"
"cg13840968",0.396138599639893,0.721442627260794,"14",24780926,"LTB4R;LTB4R2;LTB4R2;LTB4R2;LTB4R;CIDEB;LTB4R","Island","5'UTR;Body;1stExon;Body;TSS1500;TSS1500;1stExon"
"cg13911959",0.437335487243879,0.86469934136747,"10",1505654,"ADARB2","N_Shore","Body"
"cg13954548",0.341586187205146,0.656286416675151,"19",47334060,"SNAR-E","","TSS200"
"cg13980609",0.285123526232339,0.730079084140511,"11",66883117,"","N_Shelf",""
"cg14007090",0.369953998669312,0.799461998330593,"20",60915009,"LAMA5","S_Shelf","Body"
"cg14030904",0.334046192809625,0.745543047641015,"6",149806732,"ZC3H12D","","TSS1500"
"cg14065109",0.304534368822411,0.651118789567919,"21",47715006,"C21orf57","N_Shelf","Body"
"cg14110548",0.164743447994147,0.571681569390486,"19",36393696,"HCST;HCST","S_Shelf","Body;Body"
"cg14131038",0.376658935366294,0.7336267918266,"2",106360709,"NCK2;NCK2","N_Shore","TSS1500;TSS1500"
"cg14171514",0.340243710429284,0.704493928058339,"11",62308492,"AHNAK;AHNAK","","5'UTR;5'UTR"
"cg14199423",0.33332471651874,0.691856169957202,"12",6721892,"","",""
"cg14233838",0.313752179005871,0.63592650659269,"9",139548425,"","Island",""
"cg14255644",0.352758956658257,0.67208193403196,"1",228289747,"C1orf35","Island","Body"
"cg14265709",0.423216908045306,0.809270015737575,"8",70740248,"SLCO5A1;SLCO5A1;SLCO5A1","N_Shelf","Body;Body;Body"
"cg14381448",0.291020054729403,0.633466670774639,"17",42336559,"SLC4A1","","Body"
"cg14414903",0.373412924818203,0.75674577665719,"2",240171712,"HDAC4","","Body"
"cg14500718",0.303548587511781,0.625733269357595,"1",156251456,"TMEM79;SMG5","","TSS1500;Body"
"cg14508093",0.271468077915807,0.724952584235793,"9",98862825,"","",""
"cg14511923",0.361805299766659,0.6864437547353,"1",7842369,"","N_Shore",""
"cg14541801",0.154833246985369,0.566054284237644,"5",40437301,"","",""
"cg14548802",0.134900928709817,0.593592007881692,"9",137675380,"COL5A1","","Body"
"cg14554468",0.25065169424373,0.616794727194211,"17",28696496,"","",""
"cg14595786",0.162890999906729,0.587894320859594,"19",51626986,"SIGLEC9","","TSS1500"
"cg14602222",0.348833085672442,0.728937935958913,"12",1025663,"RAD52","","Body"
"cg14602393",0.399026085896484,0.812973875552907,"12",133343405,"","S_Shelf",""
"cg14686297",0.283042745025865,0.66306783762242,"22",46650375,"","S_Shelf",""
"cg14707053",0.302798050325439,0.686300137882333,"6",42019127,"TAF8","S_Shore","Body"
"cg14716686",0.299368455460235,0.790137819494823,"21",30452862,"C21orf7","","TSS200"
"cg14780427",0.302428408504834,0.646571084420317,"17",78754372,"RPTOR;RPTOR","","Body;Body"
"cg14784372",0.387261487144212,0.71396393336604,"10",2951257,"","",""
"cg14785464",0.367093670429811,0.716956613144301,"21",38362725,"HLCS","Island","TSS200"
"cg14931884",0.247664761930287,0.788196943099056,"10",369977,"DIP2C","S_Shore","Body"
"cg14939821",0.153789858972065,0.57020795482476,"10",128947230,"DOCK1;FAM196A","","Body;Body"
"cg14957089",0.270063266710974,0.672897606936357,"11",331092,"","Island",""
"cg14977069",0.335806080544841,0.677978205095646,"20",62367698,"LIME1","N_Shore","TSS1500"
"cg15044270",0.388103370755847,0.707475792369809,"3",196065485,"TM4SF19","","TSS1500"
"cg15050051",0.374413259844476,0.735930767527282,"7",1782000,"ELFN1","N_Shelf","5'UTR"
"cg15058210",0.329286402535905,0.642942776624255,"2",240196877,"HDAC4","Island","Body"
"cg15068180",0.357217613005299,0.678706555951348,"3",194017703,"","S_Shelf",""
"cg15078838",0.277719586840932,0.618009106135022,"2",28114349,"BRE;RBKS;LOC100302650;BRE;BRE;BRE;BRE","S_Shore","5'UTR;TSS1500;TSS1500;5'UTR;5'UTR;5'UTR;5'UTR"
"cg15132169",0.315253433351145,0.660104497535585,"6",149805995,"ZC3H12D;ZC3H12D","","5'UTR;1stExon"
"cg15268456",0.334186298512118,0.767348676282075,"8",144260671,"","",""
"cg15291308",0.330250300643256,0.705044731800184,"10",3250951,"","",""
"cg15354065",0.338323217997086,0.68362725461639,"12",56327217,"DGKA;DGKA;DGKA;DGKA","S_Shore","5'UTR;5'UTR;5'UTR;5'UTR"
"cg15358372",0.264078428331426,0.625473735829186,"10",71108752,"HK1;HK1;HK1;HK1;HK1","","Body;Body;Body;Body;Body"
"cg15393702",0.27250424539245,0.624955575388904,"18",21243529,"ANKRD29","S_Shore","TSS1500"
"cg15401418",0.419314842781683,0.832552606706877,"17",75316383,"SEPT9;SEPT9;SEPT9;SEPT9","","5'UTR;5'UTR;Body;1stExon"
"cg15426006",0.248253313973624,0.65630941466159,"13",99869897,"UBAC2;UBAC2;UBAC2","","Body;Body;Body"
"cg15574642",0.346997230199574,0.670874133903974,"17",48474021,"LRRC59","N_Shore","Body"
"cg15576730",0.340131566816392,0.733256186891908,"19",55693151,"SYT5;PTPRH;PTPRH","S_Shore","TSS1500;Body;Body"
"cg15626112",0.182818907326489,0.604491203506112,"8",131025902,"","N_Shelf",""
"cg15661753",0.33404380283298,0.664251177868879,"12",49627010,"","N_Shore",""
"cg15700009",0.318827087690367,0.64353015965485,"11",18415711,"LDHA;LDHA;LDHA;LDHA;LDHA","N_Shore","TSS1500;TSS1500;TSS1500;TSS1500;TSS1500"
"cg15701085",0.274530765715766,0.614749322634407,"19",4184480,"ANKRD24","S_Shore","5'UTR"
"cg15704219",0.230882081545001,0.641554109545765,"10",5735135,"C10orf18","","5'UTR"
"cg15704521",0.345833534761075,0.687249895318064,"7",2773877,"GNA12","N_Shore","Body"
"cg15723222",0.347977922589092,0.678686651474676,"17",59222476,"BCAS3;BCAS3","","Body;Body"
"cg15727507",0.333884792448992,0.671347152822912,"17",80981575,"B3GNTL1","N_Shore","Body"
"cg15744128",0.390054446579885,0.741278867348196,"2",27850964,"CCDC121;GPN1;GPN1;CCDC121;GPN1;GPN1;GPN1;CCDC121","","Body;TSS1500;TSS1500;Body;TSS1500;TSS1500;TSS1500;5'UTR"
"cg15829728",0.238753394032689,0.661922457437163,"20",31174419,"","S_Shore",""
"cg15832662",0.187166469768228,0.639173666562815,"11",63448437,"RTN3;RTN3;RTN3;RTN3","N_Shore","TSS1500;TSS1500;TSS1500;TSS1500"
"cg15887927",0.29830833685557,0.617414797800487,"13",29148952,"","",""
"cg15890469",0.388836939332354,0.711699678807114,"14",75408846,"PGF","","3'UTR"
"cg15928106",0.217271876673666,0.651419591300647,"7",130646078,"FLJ43663;FLJ43663","","Body;Body"
"cg15935770",0.330431060644515,0.645710681107933,"14",70160160,"KIAA0247","","Body"
"cg15972148",0.37507475998351,0.693619457654543,"13",114880889,"RASA3","S_Shore","Body"
"cg15978561",0.277376226002776,0.60989571307799,"2",240196996,"HDAC4","Island","Body"
"cg15981982",0.334518679757166,0.670089688185676,"2",8685837,"","",""
"cg16170614",0.323115668505226,0.63809833951146,"4",24802387,"SOD3","S_Shore","3'UTR"
"cg16214653",0.3634193444291,0.765157611671469,"15",100048500,"","",""
"cg16217803",0.238146272143721,0.617213450241242,"3",142841719,"CHST2","S_Shore","3'UTR"
"cg16238026",0.269581894276627,0.624198445498657,"7",30323735,"ZNRF2","N_Shore","TSS200"
"cg16247817",0.193719681764455,0.654603650221258,"1",153747686,"SLC27A3","Island","TSS200"
"cg16336248",0.263133432497341,0.673910600830223,"8",22673039,"PEBP4","","Body"
"cg16391973",0.40022352287574,0.73757525078794,"5",158689566,"UBLCP1","N_Shore","TSS1500"
"cg16396933",0.305045950367296,0.723805869565169,"10",104954103,"NT5C2;NT5C2","S_Shore","TSS1500;TSS1500"
"cg16407699",0.403160746871109,0.734661126254655,"10",74020428,"","N_Shore",""
"cg16426215",0.30030509714386,0.632218329752342,"16",56706854,"","N_Shelf",""
"cg16449084",0.404787366825684,0.768443998764493,"11",67069814,"SSH3;ANKRD13D;ANKRD13D","N_Shore","TSS1500;Body;3'UTR"
"cg16495448",0.317925273802364,0.654880806228095,"7",3019260,"CARD11","","5'UTR"
"cg16552271",0.267116457460501,0.608177411163379,"1",15392907,"KIAA1026;KIAA1026;KIAA1026;KIAA1026;KIAA1026","","Body;3'UTR;3'UTR;3'UTR;3'UTR"
"cg16565901",0.226268108846735,0.654674773838932,"17",78735596,"RPTOR;RPTOR","","Body;Body"
"cg16576033",0.398177823393901,0.7692979515129,"1",235268621,"","S_Shore",""
"cg16677191",0.343290960681685,0.696084014600154,"5",95159423,"GLRX;GLRX","","TSS1500;TSS1500"
"cg16684117",0.303251039128141,0.655001624359621,"5",148808456,"MIR143;LOC728264","","TSS200;Body"
"cg16704703",0.338150736692966,0.666056939597937,"10",3509710,"","",""
"cg16814786",0.337332646864908,0.639456703925693,"10",51575763,"NCOA4;NCOA4;NCOA4;NCOA4;NCOA4","S_Shelf","5'UTR;5'UTR;Body;TSS1500;Body"
"cg16865138",0.18343535407351,0.596705299982103,"12",56732447,"IL23A","","TSS1500"
"cg16886414",0.319319162562827,0.641615718126648,"17",78851149,"RPTOR;RPTOR","S_Shore","Body;Body"
"cg16937735",0.344126274322328,0.653071135863187,"7",157562675,"PTPRN2;PTPRN2;PTPRN2","S_Shore","Body;Body;Body"
"cg16944958",0.36627911611321,0.851618791174541,"6",170403962,"","S_Shore",""
"cg16970323",0.366042019799032,0.682768641357894,"20",42697667,"TOX2;TOX2;TOX2;TOX2","","3'UTR;3'UTR;3'UTR;3'UTR"
"cg17134153",0.235896000894629,0.65246637234112,"1",157670328,"FCRL3","","5'UTR"
"cg17159699",0.350195077720676,0.750673454331175,"8",53081140,"ST18","","Body"
"cg17237951",0.368550359888374,0.73854387007603,"1",180922636,"","N_Shore",""
"cg17250929",0.350657527323723,0.664651331806155,"1",153513810,"S100A5","","Body"
"cg17278401",0.347372104554417,0.683705206687521,"5",66462662,"MAST4;MAST4","S_Shelf","Body;Body"
"cg17300047",0.212610583383652,0.686708719303021,"13",49108353,"RCBTB2","S_Shore","TSS1500"
"cg17375396",0.363721324804691,0.699760615223382,"11",67202808,"RPS6KB2","N_Shore","3'UTR"
"cg17412005",0.395701177456262,0.727569632950662,"1",45806886,"MUTYH;MUTYH;MUTYH;TOE1;MUTYH;MUTYH;MUTYH","S_Shore","TSS1500;TSS1500;TSS1500;Body;TSS1500;TSS1500;TSS1500"
"cg17444090",0.418120483128984,0.852560194353169,"1",232735450,"","",""
"cg17463083",0.304677600641558,0.649718098080032,"17",62153284,"ERN1","","Body"
"cg17473615",0.369202442977245,0.683240313342256,"X",54835651,"MAGED2;MAGED2;MAGED2;MAGED2","S_Shore","5'UTR;1stExon;5'UTR;5'UTR"
"cg17489312",0.328307371581506,0.680006657799424,"1",9376039,"SPSB1","","5'UTR"
"cg17501395",0.175028498927516,0.596055563506464,"6",149806331,"ZC3H12D","","TSS200"
"cg17571559",0.320550347963565,0.698189521084258,"3",11267525,"HRH1;HRH1;HRH1","","5'UTR;TSS200;5'UTR"
"cg17601191",0.380208852746533,0.831577285937257,"13",31264764,"","",""
"cg17631150",0.329432199668673,0.650992237600457,"11",126173261,"DCPS","N_Shore","TSS1500"
"cg17658002",0.391843696910647,0.737648983554782,"19",11689997,"ACP5;ACP5;ACP5;ACP5","S_Shore","TSS1500;TSS1500;TSS200;TSS200"
"cg17711527",0.215433384222213,0.64131050503955,"1",203734396,"LAX1;LAX1;LAX1;LAX1","","1stExon;1stExon;5'UTR;5'UTR"
"cg17735531",0.389107756613511,0.712678534114533,"19",611349,"HCN2","Island","Body"
"cg17834632",0.374208574729926,0.705314964557803,"17",81039747,"METRNL","S_Shore","Body"
"cg17883068",0.404756263636258,0.764192065492941,"15",57277634,"TCF12;TCF12;TCF12;TCF12","","Body;Body;Body;Body"
"cg18045102",0.27164871202274,0.661456866540682,"2",102083594,"RFX8","","5'UTR"
"cg18062721",0.305435267994402,0.718654197872218,"3",11643427,"VGLL4;VGLL4","","Body;Body"
"cg18077307",0.364919969453871,0.798579223046648,"2",98377791,"TMEM131","","Body"
"cg18081760",0.325047582931728,0.640783339519017,"1",114483597,"HIPK1;HIPK1","","Body;Body"
"cg18082788",0.14963421387763,0.606733941368009,"6",149806339,"ZC3H12D","","TSS200"
"cg18128887",0.240473221500557,0.648637934157499,"1",24861708,"RCAN3","Island","Body"
"cg18177414",0.65901012265548,0.34749579473915,"7",149389929,"","Island",""
"cg18187035",0.281808495851084,0.752315179832505,"20",62434097,"ZBTB46","Island","5'UTR"
"cg18187200",0.304261694542951,0.617864433796397,"12",47479939,"","",""
"cg18234115",0.292997939714606,0.633347659992193,"1",245673856,"KIF26B","","Body"
"cg18236066",0.413194719256338,0.778098465248575,"12",113293823,"RPH3A;RPH3A","","Body;Body"
"cg18271897",0.364770599915742,0.683962961346724,"17",75316784,"SEPT9;SEPT9;SEPT9","","5'UTR;Body;Body"
"cg18310639",0.335334350392307,0.750224117485999,"1",223904225,"CAPN2;CAPN2","S_Shelf","Body;Body"
"cg18352516",0.304390967764018,0.715948830229748,"3",177315226,"","",""
"cg18404811",0.386940594990067,0.783089423758476,"17",403288,"","N_Shelf",""
"cg18441959",0.317583271589752,0.666032283104793,"22",22599332,"VPREB1","","Body"
"cg18475969",0.277248414971043,0.655274866795307,"3",177077202,"","",""
"cg18497052",0.368297434276112,0.679098177548481,"5",107148418,"","",""
"cg18559579",0.236081582035321,0.600639586871696,"2",209224676,"","N_Shore",""
"cg18586277",0.732830436382258,0.401745814829717,"5",76116535,"F2RL1","S_Shore","Body"
"cg18672030",0.284281180049307,0.608862834769998,"4",37668528,"RELL1;RELL1","","Body;Body"
"cg18712352",0.278146324228806,0.603387846909449,"14",64972736,"ZBTB1;ZBTB1","S_Shore","5'UTR;5'UTR"
"cg18738581",0.214780163236613,0.607188915535127,"3",9944183,"IL17RE;IL17RE;IL17RE","","TSS200;TSS1500;TSS1500"
"cg18802138",0.339587744408086,0.717010325892136,"16",85981780,"","Island",""
"cg18829411",0.359074537628971,0.67756005935582,"21",40722023,"HMGN1","S_Shore","TSS1500"
"cg18842107",0.399385779861633,0.783287863325423,"10",114853855,"TCF7L2;TCF7L2;TCF7L2;TCF7L2;TCF7L2;TCF7L2","","Body;Body;Body;Body;Body;Body"
"cg18857467",0.36032313046608,0.73541591156365,"1",32787489,"HDAC1","","Body"
"cg18899117",0.353557975525075,0.713962739777638,"2",206411031,"PARD3B;PARD3B;PARD3B","","Body;Body;Body"
"cg18944752",0.215825269635406,0.63251164505368,"4",3404372,"RGS12;RGS12;RGS12","","Body;Body;Body"
"cg18951352",0.179807417354128,0.570788217450392,"6",149806077,"ZC3H12D;ZC3H12D","","5'UTR;1stExon"
"cg18951390",0.288811952336259,0.653688679964077,"17",78735268,"RPTOR;RPTOR","","Body;Body"
"cg18951718",0.322660517407208,0.738758228538353,"12",6745343,"LPAR5","","TSS200"
"cg18990407",0.39188529096085,0.86270329406237,"3",184297380,"EPHB3","N_Shelf","Body"
"cg19003337",0.319741149762172,0.650168685752783,"17",39780836,"KRT17;KRT17","","5'UTR;1stExon"
"cg19009471",0.235630485343696,0.592634582201667,"14",101908998,"","Island",""
"cg19145082",0.375154694860631,0.764339193400461,"3",142854187,"","",""
"cg19173375",0.321000218616765,0.682788241944489,"6",27880117,"OR2B2","","TSS200"
"cg19217535",0.374948095940967,0.680719891734638,"2",65355927,"RAB1A;RAB1A","N_Shore","Body;Body"
"cg19233405",0.236927614489437,0.622228945088166,"1",154988721,"ZBTB7B","N_Shore","Body"
"cg19309580",0.145994514840081,0.568433328978404,"1",9747263,"PIK3CD","N_Shelf","5'UTR"
"cg19327615",0.366256525089226,0.736852151448613,"20",19955436,"RIN2","N_Shore","Body"
"cg19343611",0.265876348713487,0.604188806163416,"22",28010528,"","Island",""
"cg19391697",0.408389767454115,0.762703826251061,"2",239008943,"ESPNL","N_Shore","TSS200"
"cg19412669",0.35817550454137,0.697907494234375,"1",36839270,"STK40","","5'UTR"
"cg19417168",0.33254684787812,0.63616268283266,"19",4531961,"PLIN5","S_Shore","Body"
"cg19483007",0.221325013959072,0.641809157819372,"3",149327651,"WWTR1;WWTR1;WWTR1","","Body;Body;Body"
"cg19495714",0.372827840058073,0.687773990052035,"14",105218551,"SIVA1;SIVA1","Island","TSS1500;TSS1500"
"cg19498112",0.265884259973445,0.602921857001903,"10",2951187,"","",""
"cg19535096",0.32302215318249,0.684332114340273,"4",68751711,"","",""
"cg19561297",0.38397561994433,0.697508851281003,"7",102553457,"LRRC17;FBXL13;LRRC17;LRRC17;LRRC17;FBXL13","","5'UTR;Body;5'UTR;1stExon;1stExon;Body"
"cg19626138",0.310425157829059,0.639429899282664,"8",37731969,"RAB11FIP1;RAB11FIP1;RAB11FIP1","","Body;TSS1500;Body"
"cg19626656",0.301575182560221,0.750115297253422,"1",1053027,"C1orf159","S_Shore","TSS1500"
"cg19661705",0.334409521644994,0.669153172416597,"15",31307115,"TRPM1","","Body"
"cg19666600",0.193466774313847,0.692938341032047,"12",110907609,"GPN3;C12orf24","S_Shore","TSS1500;Body"
"cg19755435",0.277299802237583,0.649782372160057,"14",88473001,"GPR65","","5'UTR"
"cg19821297",0.419530141834347,0.782615385170993,"19",12890029,"","S_Shore",""
"cg19903196",0.35444162162514,0.74646359372349,"1",212429231,"","",""
"cg19938199",0.359516447252131,0.70617618981696,"15",63233164,"","",""
"cg19955928",0.284691262566461,0.675282965900777,"2",240152257,"HDAC4","N_Shore","Body"
"cg20021790",0.295364988698993,0.621853372803186,"17",181288,"RPH3AL","N_Shelf","5'UTR"
"cg20023102",0.334090980447139,0.644034664196815,"13",80055049,"NDFIP2;NDFIP2","N_Shore","TSS1500;TSS1500"
"cg20025658",0.364807010783101,0.710942136522571,"2",219031640,"CXCR1;CXCR1","","1stExon;5'UTR"
"cg20071624",0.304868441066294,0.713298064983527,"7",5258357,"WIPI2;WIPI2;WIPI2;WIPI2;WIPI2","","Body;Body;Body;Body;Body"
"cg20184271",0.380432251869414,0.692111127830981,"12",14413090,"","",""
"cg20228731",0.258232282491623,0.730303043247332,"7",130646051,"FLJ43663;FLJ43663","","Body;Body"
"cg20280170",0.354494876624896,0.697934522695812,"1",29101609,"","N_Shore",""
"cg20287234",0.270397987705638,0.655716991942776,"2",231789465,"GPR55","","5'UTR"
"cg20294304",0.184075215137519,0.629937717806616,"6",34203153,"HMGA1;HMGA1;HMGA1;HMGA1;HMGA1","Island","TSS1500;TSS1500;TSS1500;TSS1500;TSS1500"
"cg20305489",0.428032944742519,0.83311405246973,"17",75316480,"SEPT9;SEPT9;SEPT9","","5'UTR;Body;Body"
"cg20306694",0.389266164176958,0.757697843941028,"12",51718251,"BIN2","","TSS1500"
"cg20336172",0.246077049397409,0.665044278974105,"7",2773782,"GNA12","N_Shore","Body"
"cg20367388",0.306179134477605,0.646846971990805,"7",5258485,"WIPI2;WIPI2;WIPI2;WIPI2;WIPI2","","Body;Body;Body;Body;Body"
"cg20429104",0.314473596355256,0.6848904648777,"18",74114570,"ZNF516","Island","Body"
"cg20450123",0.306745339967298,0.673221099052273,"8",19540210,"CSGALNACT1;CSGALNACT1","","TSS200;Body"
"cg20450689",0.325012322632143,0.81409908233577,"18",77586147,"","Island",""
"cg20451566",0.394326821459968,0.792930368046138,"12",54867454,"GTSF1","","TSS200"
"cg20451986",0.322444356281341,0.809529753189045,"11",133928302,"","",""
"cg20454518",0.152816809170662,0.588258136436741,"12",133135463,"FBRSL1","Island","Body"
"cg20504474",0.310954938614,0.657799353638051,"17",80261086,"","",""
"cg20510084",0.423521074375802,0.797086483982479,"17",80982156,"B3GNTL1","N_Shore","Body"
"cg20513976",0.207937599553739,0.626591986775439,"20",62367893,"LIME1","N_Shore","TSS200"
"cg20533957",0.355200051167424,0.664263388971641,"11",94278538,"FUT4","Island","1stExon"
"cg20539142",0.2689822502938,0.599403008426723,"8",42623718,"CHRNA6","","TSS200"
"cg20556803",0.277353565244956,0.606197722326568,"7",2114593,"MAD1L1;MAD1L1;MAD1L1","N_Shore","Body;Body;Body"
"cg20563269",0.432040092082579,0.880610489176741,"2",129104576,"","S_Shore",""
"cg20598190",0.367677697473786,0.685414629241464,"2",240866924,"","N_Shore",""
"cg20659941",0.405858287791811,0.783208040851495,"18",55888395,"NEDD4L;NEDD4L;NEDD4L;NEDD4L;NEDD4L;NEDD4L;NEDD4L;NEDD4L;NEDD4L","","5'UTR;Body;TSS1500;5'UTR;5'UTR;Body;Body;Body;5'UTR"
"cg20732076",0.238757319321388,0.623460111270058,"6",42335231,"TRERF1","","5'UTR"
"cg20780105",0.359471236902314,0.83471893899799,"5",60455790,"C5orf43","N_Shelf","Body"
"cg20797905",0.342509828989587,0.707540281679474,"17",78747227,"RPTOR;RPTOR","","Body;Body"
"cg20814312",0.362827097778645,0.682250694972684,"2",133339746,"GPR39","N_Shelf","Body"
"cg20820876",0.22970434524471,0.59371818636753,"2",98365143,"","",""
"cg20988098",0.198452864301947,0.69441833538441,"6",157931791,"ZDHHC14;ZDHHC14","","Body;Body"
"cg21052932",0.29922549132331,0.719916898054581,"14",51342320,"ABHD12B;ABHD12B","S_Shelf","5'UTR;Body"
"cg21057323",0.314539394186627,0.72871013799694,"14",103412980,"CDC42BPB","","Body"
"cg21093033",0.299964751399642,0.665455381623042,"8",141468743,"TRAPPC9;TRAPPC9","S_Shore","TSS1500;TSS200"
"cg21132686",0.244463530602593,0.589177280280056,"20",22795774,"","",""
"cg21159128",0.41002384281095,0.764281598791861,"1",54693933,"SSBP3;SSBP3;SSBP3","","Body;Body;Body"
"cg21162938",0.372294185282698,0.690640991128668,"5",95115604,"RHOBTB3","","Body"
"cg21185109",0.281679032822845,0.659821167909077,"17",7774912,"","",""
"cg21192091",0.224386568724494,0.596597863222769,"7",2758800,"","S_Shore",""
"cg21201401",0.184120266344149,0.655720223397874,"20",62367884,"LIME1","N_Shore","TSS200"
"cg21206147",0.215448514446696,0.635006296994922,"2",23749087,"KLHL29","Island","5'UTR"
"cg21221767",0.251407190437335,0.667212119626381,"14",65673646,"","",""
"cg21230425",0.363818095588772,0.68473406389545,"7",64533826,"","N_Shore",""
"cg21242144",0.293843619769855,0.618875205465241,"5",148808487,"LOC728264;MIR143","","Body;Body"
"cg21301224",0.31792163366123,0.722551245735633,"8",56813677,"LYN;LYN","","5'UTR;5'UTR"
"cg21321372",0.238709740774044,0.593987215587497,"4",141264456,"SCOC;SCOC;SCOC;SCOC;SCOC","","TSS200;5'UTR;TSS200;TSS200;TSS200"
"cg21370522",0.214342463811886,0.689720762698811,"6",31543219,"TNF","","TSS200"
"cg21402364",0.252902185532577,0.600357122952227,"15",74257642,"","",""
"cg21434376",0.370456055071945,0.736623792848557,"4",141563054,"TBC1D9","","Body"
"cg21498785",0.377721298564859,0.710381990820504,"4",686870,"","S_Shelf",""
"cg21531389",0.290134990256686,0.634798891253568,"22",27006498,"CRYBB1","","Body"
"cg21565575",0.297810769001982,0.622976987229686,"20",35274281,"SLA2;SLA2;SLA2;SLA2","","5'UTR;1stExon;5'UTR;1stExon"
"cg21672450",0.337954729371653,0.686703147137603,"12",132663793,"","S_Shore",""
"cg21808406",0.289024892290462,0.640758734380504,"17",7482475,"CD68;CD68","N_Shelf","TSS1500;TSS1500"
"cg21826784",0.337107627626349,0.647125460263007,"1",11795937,"AGTRAP;AGTRAP;AGTRAP;AGTRAP;AGTRAP","N_Shore","TSS1500;TSS1500;TSS1500;TSS1500;TSS1500"
"cg21904489",0.322511011932645,0.630704247833142,"3",119071213,"CDGAP","","Body"
"cg21928095",0.385637865259252,0.726635696718879,"19",36100748,"","N_Shelf",""
"cg21983531",0.264532565324631,0.736554136864312,"7",74075317,"GTF2I;GTF2I;GTF2I;GTF2I;GTF2I","S_Shelf","5'UTR;5'UTR;5'UTR;5'UTR;5'UTR"
"cg22047013",0.382188881493976,0.707521543179373,"5",169593,"PLEKHG4B","Island","Body"
"cg22065514",0.385228198064855,0.716503250057887,"3",48602040,"COL7A1;UCN2","","Body;TSS1500"
"cg22073152",0.239659624980457,0.644645618773541,"1",198633497,"PTPRC;PTPRC;PTPRC;PTPRC","","Body;Body;Body;Body"
"cg22077313",0.229670871221981,0.614095149123415,"4",6691093,"","",""
"cg22095490",0.350009061041627,0.723583666964019,"18",77560089,"","Island",""
"cg22153728",0.231050271497576,0.622352304726124,"1",25291584,"RUNX3","","TSS200"
"cg22286382",0.338597251115394,0.664317369531505,"6",25875233,"SLC17A3;SLC17A3","","TSS1500;TSS1500"
"cg22294740",0.327888958192725,0.799198578005019,"19",2294961,"LINGO3","Island","5'UTR"
"cg22299097",0.401634616179089,0.733831807299274,"3",97690590,"MINA;MINA;MINA","N_Shore","5'UTR;5'UTR;5'UTR"
"cg22365240",0.384551122810269,0.777773064179257,"2",105374995,"","",""
"cg22446709",0.184230533542279,0.656108843898901,"15",90641379,"IDH2","N_Shelf","Body"
"cg22452230",0.341902764617469,0.654012990278804,"15",69754698,"","",""
"cg22499893",0.340779767505781,0.718010588751669,"1",24307535,"SFRS13A;SFRS13A","S_Shore","TSS1500;TSS1500"
"cg22509504",0.367602735074258,0.699081332241397,"17",19322114,"","",""
"cg22531801",0.358176669282033,0.69666948865278,"1",235806070,"GNG4;GNG4;GNG4","S_Shore","5'UTR;5'UTR;5'UTR"
"cg22644321",0.345479666746216,0.696585206744124,"8",126446923,"TRIB1","S_Shelf","Body"
"cg22761670",0.155319450158138,0.59152157373019,"17",74268201,"","",""
"cg22786667",0.314961594498992,0.675085210884468,"7",47641179,"","",""
"cg22954687",0.235693213267008,0.688786571350832,"2",216947743,"TMEM169;TMEM169;TMEM169;PECR;TMEM169","S_Shore","5'UTR;5'UTR;5'UTR;TSS1500;5'UTR"
"cg23066280",0.241109582009277,0.62605745972662,"7",158032496,"PTPRN2;PTPRN2;PTPRN2","","Body;Body;Body"
"cg23216724",0.411836999852143,0.759326714222102,"6",167571584,"GPR31","","TSS1500"
"cg23223330",0.408742490591591,0.762747299159644,"8",29630611,"","",""
"cg23254302",0.309294292379735,0.656524929356032,"19",4531722,"PLIN5","Island","Body"
"cg23269029",0.22878571047958,0.593432846999552,"12",117037408,"","",""
"cg23282441",0.383140774889149,0.751368242403514,"10",73533927,"C10orf54;CDH23","S_Shore","TSS1500;Body"
"cg23313885",0.347609789331219,0.75685598971735,"8",133773115,"TMEM71;TMEM71","","TSS1500;TSS1500"
"cg23326607",0.389148005243676,0.710544854499035,"11",330945,"","Island",""
"cg23328404",0.318786050041762,0.739103171886157,"8",19539991,"CSGALNACT1;CSGALNACT1;CSGALNACT1","","Body;5'UTR;1stExon"
"cg23357708",0.296862577908484,0.69838430703422,"19",8580509,"ZNF414;ZNF414","S_Shore","TSS1500;TSS1500"
"cg23371436",0.359085495303701,0.687782753838698,"11",20111534,"NAV2;NAV2;NAV2;NAV2","","Body;Body;Body;Body"
"cg23378546",0.294351499770481,0.646531314821661,"17",76352717,"","N_Shelf",""
"cg23433370",0.344998035692872,0.731927718567638,"12",27396894,"STK38L","N_Shore","TSS200"
"cg23474890",0.338962832327796,0.85512333395765,"12",122467179,"BCL7A;BCL7A","","Body;Body"
"cg23581793",0.238845750353104,0.591202536579981,"14",95999775,"SNHG10;SCARNA13;SNHG10","N_Shore","Body;Body;Body"
"cg23648810",0.200617445778668,0.630463083677868,"10",30337992,"KIAA1462","","5'UTR"
"cg23668631",0.325567141852562,0.681934493121673,"17",3796936,"CAMKK1;CAMKK1","S_Shore","TSS1500;TSS1500"
"cg23749482",0.290659909624005,0.784937490578721,"17",77901317,"","Island",""
"cg23756272",0.261826488270578,0.693629988997128,"18",60904418,"BCL2","","Body"
"cg23844527",0.335494503633664,0.666198723575321,"2",120867567,"EPB41L5","","Body"
"cg23975840",0.413486810636576,0.868900543177689,"12",117042895,"","",""
"cg24118856",0.191888397884495,0.629730944421788,"19",10223710,"PPAN-P2RY11;P2RY11","N_Shore","Body;Body"
"cg24119869",0.287349562892591,0.668662938270501,"19",55043790,"KIR3DX1","","TSS200"
"cg24180402",0.178002768285896,0.664485157457992,"17",43221464,"ACBD4;ACBD4;ACBD4;ACBD4","N_Shore","3'UTR;3'UTR;3'UTR;3'UTR"
"cg24192505",0.312810651105135,0.665624524431902,"6",163776782,"","",""
"cg24222194",0.364089575969519,0.672221007957678,"15",28834097,"","N_Shore",""
"cg24310395",0.340369943383669,0.768458820674758,"3",39309435,"CX3CR1;CX3CR1;CX3CR1;CX3CR1","","Body;5'UTR;5'UTR;5'UTR"
"cg24312520",0.36069721645528,0.680088540497099,"17",40489584,"STAT3;STAT3;STAT3","","Body;Body;Body"
"cg24327132",0.200014042136948,0.578034890615074,"15",72520632,"PKM2;PKM2;PKM2","N_Shore","5'UTR;5'UTR;5'UTR"
"cg24404823",0.337319953037297,0.650080109250578,"1",247496053,"ZNF496","S_Shore","TSS1500"
"cg24416609",0.371330660265485,0.675772355241346,"2",231773530,"GPR55","","3'UTR"
"cg24442740",0.268414953489582,0.675823830686893,"1",27902069,"AHDC1","Island","5'UTR"
"cg24490227",0.360352122212638,0.761165967908421,"11",133928292,"","",""
"cg24504361",0.35500899570803,0.661143183044662,"12",53297987,"KRT8","S_Shore","Body"
"cg24517501",0.373361254149701,0.745641425361174,"1",92952702,"GFI1;GFI1","S_Shore","TSS1500;TSS1500"
"cg24525952",0.414567477495837,0.768762583902243,"7",2127830,"MAD1L1;MAD1L1;MAD1L1","","Body;Body;Body"
"cg24548817",0.347160095888152,0.726461393923394,"21",45774294,"TRPM2","","Body"
"cg24588278",0.274967441266896,0.608924232597708,"2",203134514,"NOP58","S_Shelf","Body"
"cg24843609",0.315180791361247,0.675457431587662,"1",156211434,"BGLAP","N_Shelf","TSS1500"
"cg24906420",0.376981178451445,0.686556079081943,"12",133133512,"FBRSL1","N_Shore","Body"
"cg24916358",0.250937440561981,0.645305641685851,"10",126315761,"FAM53B","","Body"
"cg24924577",0.302854116819289,0.68328437905088,"15",90735148,"SEMA4B","","5'UTR"
"cg24937136",0.251168037499301,0.624684407078559,"1",226593346,"PARP1","N_Shore","Body"
"cg24951886",0.405319125928263,0.763753467278304,"10",13526236,"BEND7;BEND7","","Body;Body"
"cg25008504",0.379657030037404,0.777888361975638,"1",245673602,"KIF26B","","Body"
"cg25059899",0.35952732155712,0.781659893292269,"18",60904328,"BCL2","","Body"
"cg25124300",0.346689521031861,0.701965468691454,"2",31607761,"XDH","","Body"
"cg25140783",0.392599345782965,0.79948046468179,"1",24861872,"RCAN3","Island","3'UTR"
"cg25142500",0.401503655408791,0.778770918289046,"17",79005386,"FLJ90757","N_Shore","Body"
"cg25250968",0.342459616669184,0.725863519173368,"6",11318770,"NEDD9","","5'UTR"
"cg25282976",0.268463383963058,0.776260703365293,"17",79005047,"FLJ90757","N_Shore","Body"
"cg25322720",0.379103403112066,0.71589833291891,"17",19628292,"","Island",""
"cg25375916",0.402352239539017,0.801364686460405,"3",155570275,"SLC33A1","N_Shelf","Body"
"cg25394505",0.168044860309058,0.6053350197124,"10",134399880,"INPP5A","","Body"
"cg25408950",0.325459414028644,0.634126666228212,"1",198290080,"NEK7","","3'UTR"
"cg25459558",0.316871975522398,0.653968959873021,"6",33161290,"COL11A2;COL11A2;COL11A2;COL11A2","Island","TSS1500;TSS1500;TSS1500;TSS1500"
"cg25539628",0.313806227992298,0.622408265271336,"8",8188483,"PRAGMIN","","Body"
"cg25541528",0.203601069135244,0.5909576981638,"7",1545819,"","S_Shore",""
"cg25616055",0.264146571662078,0.668692837088792,"12",89638890,"","",""
"cg25655096",0.287582014329579,0.669779282165241,"12",6745292,"LPAR5;LPAR5","","1stExon;5'UTR"
"cg25675800",0.280731672804913,0.64373683207257,"19",39360961,"RINL","Island","Body"
"cg25692139",0.305136866075513,0.660492954342438,"17",79258813,"SLC38A10;SLC38A10","N_Shore","Body;Body"
"cg25741837",0.359259388985213,0.72173260157191,"2",73452813,"SMYD5","","Body"
"cg25774643",0.346197139913196,0.676745598956481,"11",627175,"SCT","Island","TSS200"
"cg25865120",0.306388263170564,0.628507292225653,"15",48625058,"DUT;DUT;DUT","S_Shore","Body;Body;Body"
"cg25869889",0.305009582813214,0.757064896590838,"11",6436464,"APBB1;APBB1","N_Shelf","5'UTR;5'UTR"
"cg25877299",0.350993421524621,0.658171704747931,"17",80273290,"CD7","N_Shelf","Body"
"cg25885684",0.26090897999499,0.644964399268961,"15",100048426,"","",""
"cg25937451",0.348869782923873,0.656203862986465,"21",46001680,"C21orf29;KRTAP10-5","","Body;TSS1500"
"cg25939853",0.279472323061688,0.678949803218597,"12",133343428,"","S_Shelf",""
"cg25965774",0.322505015419953,0.632608362168435,"10",126841033,"CTBP2;CTBP2","Island","5'UTR;5'UTR"
"cg26001902",0.585872829060244,0.208598966269654,"2",108602979,"SLC5A7","Island","TSS200"
"cg26040809",0.354179720648721,0.778142890546547,"10",1505626,"ADARB2","N_Shore","Body"
"cg26063719",0.308686397678881,0.668995442746672,"10",17273187,"VIM","S_Shore","Body"
"cg26140790",0.252688473802931,0.633897507807552,"10",126301281,"LHPP;LHPP","N_Shelf","Body;Body"
"cg26169081",0.328653559648973,0.674906808238342,"10",12648338,"CAMK1D;CAMK1D","","Body;Body"
"cg26169783",0.272350454615343,0.687029467281296,"13",34371837,"","",""
"cg26209169",0.320396177381652,0.699008906095549,"5",1316264,"","",""
"cg26236922",0.38860431782164,0.780705811551453,"20",60912673,"LAMA5","S_Shore","Body"
"cg26282236",0.346431221527924,0.661177508439871,"12",1025755,"RAD52","","Body"
"cg26310551",0.186102344292428,0.58369771363173,"14",24780540,"LTB4R2;LTB4R2;LTB4R2;CIDEB;CIDEB;LTB4R","Island","Body;1stExon;Body;1stExon;5'UTR;TSS200"
"cg26313955",0.271633448818056,0.636179453207432,"1",117112616,"CD58;CD58;CD58","N_Shore","Body;Body;Body"
"cg26407558",0.397711705941629,0.738797419492778,"1",207262706,"C4BPB;C4BPB;C4BPB;C4BPB;C4BPB;C4BPB;C4BPB","","1stExon;5'UTR;5'UTR;5'UTR;1stExon;5'UTR;5'UTR"
"cg26565476",0.373514179250985,0.715060442726221,"8",37730793,"RAB11FIP1;RAB11FIP1;RAB11FIP1;RAB11FIP1","","Body;5'UTR;1stExon;Body"
"cg26628751",0.384922074686398,0.736336133922119,"17",80981644,"B3GNTL1","N_Shore","Body"
"cg26644674",0.263202513000775,0.654345042283938,"10",3138505,"PFKP","","Body"
"cg26645827",0.244852677172934,0.620438359372316,"3",100322629,"","",""
"cg26692749",0.388713876807726,0.790153890973309,"1",24861919,"RCAN3","Island","3'UTR"
"cg26696162",0.296617254888572,0.622520573428972,"6",151709522,"ZBTB2","N_Shore","5'UTR"
"cg26737223",0.241589163948203,0.644752951487261,"17",74488855,"RHBDF2;RHBDF2","","5'UTR;5'UTR"
"cg26744362",0.38503781272312,0.706640425117066,"19",56168861,"U2AF2;U2AF2","N_Shore","Body;Body"
"cg26771582",0.348286992090989,0.682821823311686,"16",87415899,"FBXO31;FBXO31","N_Shore","Body;Body"
"cg26829071",0.28687015335596,0.605934518352296,"12",131590596,"GPR133","","Body"
"cg26843498",0.340322907903116,0.682729077880814,"19",2361574,"","S_Shore",""
"cg26853536",0.323213142785526,0.650745795659055,"12",125399964,"UBC","S_Shore","TSS1500"
"cg26856289",0.23720640956266,0.589873121241445,"1",24307516,"SFRS13A;SFRS13A","S_Shore","TSS1500;TSS1500"
"cg26878209",0.402694029113398,0.738175864214469,"10",112375475,"","",""
"cg26894079",0.308880614817751,0.65254232131308,"11",122954435,"ASAM","","Body"
"cg26954174",0.297563282366126,0.612789625029717,"16",50730813,"NOD2","","TSS1500"
"cg26955290",0.323775890208311,0.634462992616335,"17",7015607,"ASGR2;ASGR2;ASGR2;ASGR2","","Body;Body;Body;Body"
"cg26955383",0.286827783774817,0.614840397972756,"10",105218660,"CALHM1","S_Shore","TSS200"
"cg26972408",0.378981783841581,0.725353405932454,"8",1860592,"ARHGEF10","","Body"
"cg26987645",0.345893643779109,0.66719908972141,"1",203320386,"FMOD","","TSS200"
"cg26999423",0.297727974693443,0.645935713724129,"17",10017891,"GAS7","","Body"
"cg27058497",0.306282470612694,0.717349557901614,"1",25291546,"RUNX3","","TSS200"
"cg27293155",0.402661729662848,0.828341659779804,"2",38044012,"","",""
"cg27325224",0.333478575277672,0.777164100826535,"16",87946544,"CA5A","N_Shore","Body"
"cg27338353",0.227475573423759,0.612598281770209,"22",46471129,"","S_Shelf",""
"cg27370471",0.278686514228343,0.611990932712825,"15",101932559,"PCSK6;PCSK6;PCSK6;PCSK6;PCSK6;PCSK6;PCSK6;PCSK6","","Body;Body;Body;Body;Body;Body;Body;Body"
"cg27395066",0.280885459338685,0.720297947729994,"17",43221220,"ACBD4;ACBD4;ACBD4;ACBD4","N_Shore","3'UTR;3'UTR;3'UTR;3'UTR"
"cg27412857",0.367980896204534,0.802498774625402,"10",11387394,"","S_Shore",""
"cg27424995",0.270086190461319,0.636300133395931,"1",27902555,"AHDC1","Island","5'UTR"
"cg27552857",0.404870268751273,0.754754298777112,"19",4542866,"SEMA6B","N_Shore","3'UTR"
"cg27652459",0.406949186493781,0.757964083964472,"11",46709238,"ARHGAP1","","Body"
